N;Instance;Decoder;Total Distance;Time Spent;Alpha
N10;51;PositionalDecoderWithVehicleByPercentage;939,18;222,63;Alpha2
N10;51;PositionalDecoderWithVehicleByPercentage;874,30;223,46;Alpha2
N10;51;PositionalDecoderWithVehicleByPercentage;924,61;204,23;Alpha2
N10;51;PositionalDecoderWithVehicleByPercentage;973,31;204,23;Alpha2
N10;51;PositionalDecoderWithVehicleByPercentage;997,52;223,25;Alpha2
N10;51;PositionalDecoderWithVehicleByPercentage;957,36;222,63;Alpha2
N10;51;PositionalDecoderWithVehicleByPercentage;973,31;204,23;Alpha2
N10;51;PositionalDecoderWithVehicleByPercentage;891,45;222,63;Alpha2
N10;51;PositionalDecoderWithVehicleByPercentage;988,35;204,23;Alpha2
N10;51;PositionalDecoderWithVehicleByPercentage;925,71;222,63;Alpha2
N10;51;TimeDecoderWithVehicleByPercentage;978,01;204,23;Alpha2
N10;51;TimeDecoderWithVehicleByPercentage;973,23;204,23;Alpha2
N10;51;TimeDecoderWithVehicleByPercentage;972,05;204,23;Alpha2
N10;51;TimeDecoderWithVehicleByPercentage;1040,31;222,63;Alpha2
N10;51;TimeDecoderWithVehicleByPercentage;1012,82;204,23;Alpha2
N10;51;TimeDecoderWithVehicleByPercentage;984,69;222,63;Alpha2
N10;51;TimeDecoderWithVehicleByPercentage;1013,84;222,63;Alpha2
N10;51;TimeDecoderWithVehicleByPercentage;1014,67;204,23;Alpha2
N10;51;TimeDecoderWithVehicleByPercentage;948,07;204,23;Alpha2
N10;51;TimeDecoderWithVehicleByPercentage;913,67;222,63;Alpha2
N10;57;PositionalDecoderWithVehicleByPercentage;820,95;66,81;Alpha2
N10;57;PositionalDecoderWithVehicleByPercentage;809,32;66,81;Alpha2
N10;57;PositionalDecoderWithVehicleByPercentage;805,73;66,81;Alpha2
N10;57;PositionalDecoderWithVehicleByPercentage;816,55;66,81;Alpha2
N10;57;PositionalDecoderWithVehicleByPercentage;806,16;66,81;Alpha2
N10;57;PositionalDecoderWithVehicleByPercentage;802,53;66,81;Alpha2
N10;57;PositionalDecoderWithVehicleByPercentage;807,94;66,81;Alpha2
N10;57;PositionalDecoderWithVehicleByPercentage;804,57;66,81;Alpha2
N10;57;PositionalDecoderWithVehicleByPercentage;817,37;66,81;Alpha2
N10;57;PositionalDecoderWithVehicleByPercentage;820,95;66,81;Alpha2
N10;57;TimeDecoderWithVehicleByPercentage;811,32;66,81;Alpha2
N10;57;TimeDecoderWithVehicleByPercentage;800,71;66,81;Alpha2
N10;57;TimeDecoderWithVehicleByPercentage;738,22;161,88;Alpha2
N10;57;TimeDecoderWithVehicleByPercentage;804,27;66,81;Alpha2
N10;57;TimeDecoderWithVehicleByPercentage;812,90;66,81;Alpha2
N10;57;TimeDecoderWithVehicleByPercentage;810,86;66,81;Alpha2
N10;57;TimeDecoderWithVehicleByPercentage;800,16;66,81;Alpha2
N10;57;TimeDecoderWithVehicleByPercentage;812,33;66,81;Alpha2
N10;57;TimeDecoderWithVehicleByPercentage;807,15;66,81;Alpha2
N10;57;TimeDecoderWithVehicleByPercentage;820,03;66,81;Alpha2
N10;58;PositionalDecoderWithVehicleByPercentage;774,37;163,35;Alpha2
N10;58;PositionalDecoderWithVehicleByPercentage;746,57;184,33;Alpha2
N10;58;PositionalDecoderWithVehicleByPercentage;860,01;163,35;Alpha2
N10;58;PositionalDecoderWithVehicleByPercentage;829,40;163,35;Alpha2
N10;58;PositionalDecoderWithVehicleByPercentage;675,93;184,33;Alpha2
N10;58;PositionalDecoderWithVehicleByPercentage;761,59;188,34;Alpha2
N10;58;PositionalDecoderWithVehicleByPercentage;818,36;163,35;Alpha2
N10;58;PositionalDecoderWithVehicleByPercentage;925,14;189,51;Alpha2
N10;58;PositionalDecoderWithVehicleByPercentage;788,87;163,35;Alpha2
N10;58;PositionalDecoderWithVehicleByPercentage;817,87;163,35;Alpha2
N10;58;TimeDecoderWithVehicleByPercentage;759,44;188,34;Alpha2
N10;58;TimeDecoderWithVehicleByPercentage;708,05;184,33;Alpha2
N10;58;TimeDecoderWithVehicleByPercentage;823,62;163,35;Alpha2
N10;58;TimeDecoderWithVehicleByPercentage;880,55;188,34;Alpha2
N10;58;TimeDecoderWithVehicleByPercentage;734,56;188,34;Alpha2
N10;58;TimeDecoderWithVehicleByPercentage;757,23;163,35;Alpha2
N10;58;TimeDecoderWithVehicleByPercentage;787,42;184,33;Alpha2
N10;58;TimeDecoderWithVehicleByPercentage;827,60;184,33;Alpha2
N10;58;TimeDecoderWithVehicleByPercentage;848,11;163,35;Alpha2
N10;58;TimeDecoderWithVehicleByPercentage;768,22;163,35;Alpha2
N10;59;PositionalDecoderWithVehicleByPercentage;910,44;115,86;Alpha2
N10;59;PositionalDecoderWithVehicleByPercentage;878,72;115,86;Alpha2
N10;59;PositionalDecoderWithVehicleByPercentage;883,97;115,86;Alpha2
N10;59;PositionalDecoderWithVehicleByPercentage;914,36;115,86;Alpha2
N10;59;PositionalDecoderWithVehicleByPercentage;877,15;115,86;Alpha2
N10;59;PositionalDecoderWithVehicleByPercentage;915,84;115,86;Alpha2
N10;59;PositionalDecoderWithVehicleByPercentage;855,71;115,86;Alpha2
N10;59;PositionalDecoderWithVehicleByPercentage;895,75;115,86;Alpha2
N10;59;PositionalDecoderWithVehicleByPercentage;917,59;115,86;Alpha2
N10;59;PositionalDecoderWithVehicleByPercentage;861,72;115,86;Alpha2
N10;59;TimeDecoderWithVehicleByPercentage;855,71;115,86;Alpha2
N10;59;TimeDecoderWithVehicleByPercentage;935,88;158,56;Alpha2
N10;59;TimeDecoderWithVehicleByPercentage;896,84;115,86;Alpha2
N10;59;TimeDecoderWithVehicleByPercentage;888,46;115,86;Alpha2
N10;59;TimeDecoderWithVehicleByPercentage;877,80;115,86;Alpha2
N10;59;TimeDecoderWithVehicleByPercentage;865,95;115,86;Alpha2
N10;59;TimeDecoderWithVehicleByPercentage;898,25;115,86;Alpha2
N10;59;TimeDecoderWithVehicleByPercentage;912,08;115,86;Alpha2
N10;59;TimeDecoderWithVehicleByPercentage;900,07;115,86;Alpha2
N10;59;TimeDecoderWithVehicleByPercentage;896,75;115,86;Alpha2
N10;60;PositionalDecoderWithVehicleByPercentage;866,23;164,92;Alpha2
N10;60;PositionalDecoderWithVehicleByPercentage;869,59;164,92;Alpha2
N10;60;PositionalDecoderWithVehicleByPercentage;873,22;164,92;Alpha2
N10;60;PositionalDecoderWithVehicleByPercentage;896,31;164,92;Alpha2
N10;60;PositionalDecoderWithVehicleByPercentage;880,35;164,92;Alpha2
N10;60;PositionalDecoderWithVehicleByPercentage;854,33;164,92;Alpha2
N10;60;PositionalDecoderWithVehicleByPercentage;887,34;164,92;Alpha2
N10;60;PositionalDecoderWithVehicleByPercentage;901,80;164,92;Alpha2
N10;60;PositionalDecoderWithVehicleByPercentage;913,34;164,92;Alpha2
N10;60;PositionalDecoderWithVehicleByPercentage;746,67;222,76;Alpha2
N10;60;TimeDecoderWithVehicleByPercentage;900,91;164,92;Alpha2
N10;60;TimeDecoderWithVehicleByPercentage;869,51;166,07;Alpha2
N10;60;TimeDecoderWithVehicleByPercentage;863,48;164,92;Alpha2
N10;60;TimeDecoderWithVehicleByPercentage;865,07;164,92;Alpha2
N10;60;TimeDecoderWithVehicleByPercentage;889,72;164,92;Alpha2
N10;60;TimeDecoderWithVehicleByPercentage;891,60;164,92;Alpha2
N10;60;TimeDecoderWithVehicleByPercentage;864,52;164,92;Alpha2
N10;60;TimeDecoderWithVehicleByPercentage;917,66;164,92;Alpha2
N10;60;TimeDecoderWithVehicleByPercentage;884,19;164,92;Alpha2
N10;60;TimeDecoderWithVehicleByPercentage;889,64;164,92;Alpha2
N10;52;PositionalDecoderWithVehicleByPercentage;790,78;124,95;Alpha2
N10;52;PositionalDecoderWithVehicleByPercentage;738,67;142,21;Alpha2
N10;52;PositionalDecoderWithVehicleByPercentage;794,96;124,95;Alpha2
N10;52;PositionalDecoderWithVehicleByPercentage;752,09;124,95;Alpha2
N10;52;PositionalDecoderWithVehicleByPercentage;791,24;124,95;Alpha2
N10;52;PositionalDecoderWithVehicleByPercentage;756,77;124,95;Alpha2
N10;52;PositionalDecoderWithVehicleByPercentage;801,62;142,21;Alpha2
N10;52;PositionalDecoderWithVehicleByPercentage;785,98;142,21;Alpha2
N10;52;PositionalDecoderWithVehicleByPercentage;676,20;179,38;Alpha2
N10;52;PositionalDecoderWithVehicleByPercentage;809,27;124,95;Alpha2
N10;52;TimeDecoderWithVehicleByPercentage;781,52;124,95;Alpha2
N10;52;TimeDecoderWithVehicleByPercentage;785,57;142,21;Alpha2
N10;52;TimeDecoderWithVehicleByPercentage;770,21;124,95;Alpha2
N10;52;TimeDecoderWithVehicleByPercentage;731,55;142,21;Alpha2
N10;52;TimeDecoderWithVehicleByPercentage;747,27;142,21;Alpha2
N10;52;TimeDecoderWithVehicleByPercentage;746,41;142,21;Alpha2
N10;52;TimeDecoderWithVehicleByPercentage;762,87;124,95;Alpha2
N10;52;TimeDecoderWithVehicleByPercentage;752,09;124,95;Alpha2
N10;52;TimeDecoderWithVehicleByPercentage;800,14;124,95;Alpha2
N10;52;TimeDecoderWithVehicleByPercentage;821,68;124,95;Alpha2
N10;53;PositionalDecoderWithVehicleByPercentage;724,98;80,83;Alpha2
N10;53;PositionalDecoderWithVehicleByPercentage;710,24;80,83;Alpha2
N10;53;PositionalDecoderWithVehicleByPercentage;723,44;85,50;Alpha2
N10;53;PositionalDecoderWithVehicleByPercentage;715,39;80,83;Alpha2
N10;53;PositionalDecoderWithVehicleByPercentage;705,45;80,83;Alpha2
N10;53;PositionalDecoderWithVehicleByPercentage;729,97;80,83;Alpha2
N10;53;PositionalDecoderWithVehicleByPercentage;714,30;80,83;Alpha2
N10;53;PositionalDecoderWithVehicleByPercentage;721,64;80,83;Alpha2
N10;53;PositionalDecoderWithVehicleByPercentage;709,66;80,83;Alpha2
N10;53;PositionalDecoderWithVehicleByPercentage;711,69;80,83;Alpha2
N10;53;TimeDecoderWithVehicleByPercentage;711,79;80,83;Alpha2
N10;53;TimeDecoderWithVehicleByPercentage;688,25;80,83;Alpha2
N10;53;TimeDecoderWithVehicleByPercentage;722,12;80,83;Alpha2
N10;53;TimeDecoderWithVehicleByPercentage;710,98;80,83;Alpha2
N10;53;TimeDecoderWithVehicleByPercentage;719,45;80,83;Alpha2
N10;53;TimeDecoderWithVehicleByPercentage;688,25;80,83;Alpha2
N10;53;TimeDecoderWithVehicleByPercentage;698,18;80,83;Alpha2
N10;53;TimeDecoderWithVehicleByPercentage;728,46;80,83;Alpha2
N10;53;TimeDecoderWithVehicleByPercentage;710,98;80,83;Alpha2
N10;53;TimeDecoderWithVehicleByPercentage;705,24;80,83;Alpha2
N10;54;PositionalDecoderWithVehicleByPercentage;839,42;136,31;Alpha2
N10;54;PositionalDecoderWithVehicleByPercentage;836,96;136,31;Alpha2
N10;54;PositionalDecoderWithVehicleByPercentage;876,58;136,31;Alpha2
N10;54;PositionalDecoderWithVehicleByPercentage;874,40;136,31;Alpha2
N10;54;PositionalDecoderWithVehicleByPercentage;840,37;136,31;Alpha2
N10;54;PositionalDecoderWithVehicleByPercentage;888,62;136,31;Alpha2
N10;54;PositionalDecoderWithVehicleByPercentage;882,54;136,31;Alpha2
N10;54;PositionalDecoderWithVehicleByPercentage;867,21;136,31;Alpha2
N10;54;PositionalDecoderWithVehicleByPercentage;846,72;136,31;Alpha2
N10;54;PositionalDecoderWithVehicleByPercentage;888,62;136,31;Alpha2
N10;54;TimeDecoderWithVehicleByPercentage;857,15;136,31;Alpha2
N10;54;TimeDecoderWithVehicleByPercentage;875,19;136,31;Alpha2
N10;54;TimeDecoderWithVehicleByPercentage;881,09;136,31;Alpha2
N10;54;TimeDecoderWithVehicleByPercentage;865,37;136,31;Alpha2
N10;54;TimeDecoderWithVehicleByPercentage;888,62;136,31;Alpha2
N10;54;TimeDecoderWithVehicleByPercentage;848,91;136,31;Alpha2
N10;54;TimeDecoderWithVehicleByPercentage;849,01;136,31;Alpha2
N10;54;TimeDecoderWithVehicleByPercentage;874,53;136,31;Alpha2
N10;54;TimeDecoderWithVehicleByPercentage;862,01;136,31;Alpha2
N10;54;TimeDecoderWithVehicleByPercentage;871,53;136,31;Alpha2
N10;55;PositionalDecoderWithVehicleByPercentage;978,52;182,37;Alpha2
N10;55;PositionalDecoderWithVehicleByPercentage;938,92;182,37;Alpha2
N10;55;PositionalDecoderWithVehicleByPercentage;1023,74;182,37;Alpha2
N10;55;PositionalDecoderWithVehicleByPercentage;1036,54;182,37;Alpha2
N10;55;PositionalDecoderWithVehicleByPercentage;1040,86;182,37;Alpha2
N10;55;PositionalDecoderWithVehicleByPercentage;894,76;229,10;Alpha2
N10;55;PositionalDecoderWithVehicleByPercentage;909,28;240,85;Alpha2
N10;55;PositionalDecoderWithVehicleByPercentage;939,46;182,37;Alpha2
N10;55;PositionalDecoderWithVehicleByPercentage;930,40;182,37;Alpha2
N10;55;PositionalDecoderWithVehicleByPercentage;1043,27;182,37;Alpha2
N10;55;TimeDecoderWithVehicleByPercentage;995,89;182,37;Alpha2
N10;55;TimeDecoderWithVehicleByPercentage;971,79;182,37;Alpha2
N10;55;TimeDecoderWithVehicleByPercentage;1048,59;182,37;Alpha2
N10;55;TimeDecoderWithVehicleByPercentage;980,33;182,37;Alpha2
N10;55;TimeDecoderWithVehicleByPercentage;1025,71;182,37;Alpha2
N10;55;TimeDecoderWithVehicleByPercentage;989,26;182,37;Alpha2
N10;55;TimeDecoderWithVehicleByPercentage;942,84;182,37;Alpha2
N10;55;TimeDecoderWithVehicleByPercentage;995,89;182,37;Alpha2
N10;55;TimeDecoderWithVehicleByPercentage;1032,37;182,37;Alpha2
N10;55;TimeDecoderWithVehicleByPercentage;1048,66;182,37;Alpha2
N10;56;PositionalDecoderWithVehicleByPercentage;842,73;171,29;Alpha2
N10;56;PositionalDecoderWithVehicleByPercentage;842,73;171,29;Alpha2
N10;56;PositionalDecoderWithVehicleByPercentage;816,58;171,29;Alpha2
N10;56;PositionalDecoderWithVehicleByPercentage;726,17;171,29;Alpha2
N10;56;PositionalDecoderWithVehicleByPercentage;904,14;175,02;Alpha2
N10;56;PositionalDecoderWithVehicleByPercentage;838,41;171,29;Alpha2
N10;56;PositionalDecoderWithVehicleByPercentage;829,27;171,29;Alpha2
N10;56;PositionalDecoderWithVehicleByPercentage;938,04;175,02;Alpha2
N10;56;PositionalDecoderWithVehicleByPercentage;819,70;171,29;Alpha2
N10;56;PositionalDecoderWithVehicleByPercentage;870,59;171,29;Alpha2
N10;56;TimeDecoderWithVehicleByPercentage;790,81;171,29;Alpha2
N10;56;TimeDecoderWithVehicleByPercentage;869,14;171,29;Alpha2
N10;56;TimeDecoderWithVehicleByPercentage;940,19;175,02;Alpha2
N10;56;TimeDecoderWithVehicleByPercentage;918,11;175,02;Alpha2
N10;56;TimeDecoderWithVehicleByPercentage;798,38;171,29;Alpha2
N10;56;TimeDecoderWithVehicleByPercentage;833,55;171,29;Alpha2
N10;56;TimeDecoderWithVehicleByPercentage;886,09;171,29;Alpha2
N10;56;TimeDecoderWithVehicleByPercentage;800,71;204,30;Alpha2
N10;56;TimeDecoderWithVehicleByPercentage;824,57;171,29;Alpha2
N10;56;TimeDecoderWithVehicleByPercentage;858,31;171,29;Alpha2
N20;61;PositionalDecoderWithVehicleByPercentage;1134,47;217,61;Alpha2
N20;61;PositionalDecoderWithVehicleByPercentage;1249,71;192,21;Alpha2
N20;61;PositionalDecoderWithVehicleByPercentage;1165,74;245,43;Alpha2
N20;61;PositionalDecoderWithVehicleByPercentage;1153,77;195,30;Alpha2
N20;61;PositionalDecoderWithVehicleByPercentage;1256,73;191,24;Alpha2
N20;61;PositionalDecoderWithVehicleByPercentage;1231,17;245,65;Alpha2
N20;61;PositionalDecoderWithVehicleByPercentage;940,96;221,80;Alpha2
N20;61;PositionalDecoderWithVehicleByPercentage;1155,45;226,29;Alpha2
N20;61;PositionalDecoderWithVehicleByPercentage;1205,44;202,02;Alpha2
N20;61;PositionalDecoderWithVehicleByPercentage;1094,33;183,34;Alpha2
N20;61;TimeDecoderWithVehicleByPercentage;1227,40;242,36;Alpha2
N20;61;TimeDecoderWithVehicleByPercentage;1059,22;212,61;Alpha2
N20;61;TimeDecoderWithVehicleByPercentage;1216,05;229,96;Alpha2
N20;61;TimeDecoderWithVehicleByPercentage;1138,75;195,20;Alpha2
N20;61;TimeDecoderWithVehicleByPercentage;954,19;226,89;Alpha2
N20;61;TimeDecoderWithVehicleByPercentage;1195,50;213,36;Alpha2
N20;61;TimeDecoderWithVehicleByPercentage;1207,81;230,82;Alpha2
N20;61;TimeDecoderWithVehicleByPercentage;1052,91;238,10;Alpha2
N20;61;TimeDecoderWithVehicleByPercentage;1084,03;188,13;Alpha2
N20;61;TimeDecoderWithVehicleByPercentage;1149,91;208,52;Alpha2
N20;62;PositionalDecoderWithVehicleByPercentage;1256,55;284,60;Alpha2
N20;62;PositionalDecoderWithVehicleByPercentage;1442,01;268,43;Alpha2
N20;62;PositionalDecoderWithVehicleByPercentage;1355,13;282,53;Alpha2
N20;62;PositionalDecoderWithVehicleByPercentage;1260,67;274,44;Alpha2
N20;62;PositionalDecoderWithVehicleByPercentage;1171,93;272,45;Alpha2
N20;62;PositionalDecoderWithVehicleByPercentage;1411,90;255,71;Alpha2
N20;62;PositionalDecoderWithVehicleByPercentage;1261,59;269,81;Alpha2
N20;62;PositionalDecoderWithVehicleByPercentage;1081,84;253,32;Alpha2
N20;62;PositionalDecoderWithVehicleByPercentage;1293,69;279,39;Alpha2
N20;62;PositionalDecoderWithVehicleByPercentage;1558,49;263,90;Alpha2
N20;62;TimeDecoderWithVehicleByPercentage;1198,29;309,81;Alpha2
N20;62;TimeDecoderWithVehicleByPercentage;1442,97;217,21;Alpha2
N20;62;TimeDecoderWithVehicleByPercentage;1415,82;280,86;Alpha2
N20;62;TimeDecoderWithVehicleByPercentage;1420,13;236,32;Alpha2
N20;62;TimeDecoderWithVehicleByPercentage;1417,38;239,67;Alpha2
N20;62;TimeDecoderWithVehicleByPercentage;1181,99;328,59;Alpha2
N20;62;TimeDecoderWithVehicleByPercentage;1558,36;287,80;Alpha2
N20;62;TimeDecoderWithVehicleByPercentage;1294,13;282,89;Alpha2
N20;62;TimeDecoderWithVehicleByPercentage;1397,22;309,88;Alpha2
N20;62;TimeDecoderWithVehicleByPercentage;1478,73;273,59;Alpha2
N20;63;PositionalDecoderWithVehicleByPercentage;1498,97;249,22;Alpha2
N20;63;PositionalDecoderWithVehicleByPercentage;1419,76;305,64;Alpha2
N20;63;PositionalDecoderWithVehicleByPercentage;1444,04;302,97;Alpha2
N20;63;PositionalDecoderWithVehicleByPercentage;1417,93;331,50;Alpha2
N20;63;PositionalDecoderWithVehicleByPercentage;1380,78;286,96;Alpha2
N20;63;PositionalDecoderWithVehicleByPercentage;1403,52;311,21;Alpha2
N20;63;PositionalDecoderWithVehicleByPercentage;1358,65;293,60;Alpha2
N20;63;PositionalDecoderWithVehicleByPercentage;1442,01;302,25;Alpha2
N20;63;PositionalDecoderWithVehicleByPercentage;1453,75;298,14;Alpha2
N20;63;PositionalDecoderWithVehicleByPercentage;1289,46;309,21;Alpha2
N20;63;TimeDecoderWithVehicleByPercentage;1269,23;312,77;Alpha2
N20;63;TimeDecoderWithVehicleByPercentage;1471,06;281,50;Alpha2
N20;63;TimeDecoderWithVehicleByPercentage;1507,80;311,00;Alpha2
N20;63;TimeDecoderWithVehicleByPercentage;1350,43;349,89;Alpha2
N20;63;TimeDecoderWithVehicleByPercentage;1136,94;309,85;Alpha2
N20;63;TimeDecoderWithVehicleByPercentage;1371,29;326,98;Alpha2
N20;63;TimeDecoderWithVehicleByPercentage;1537,35;296,21;Alpha2
N20;63;TimeDecoderWithVehicleByPercentage;1574,95;379,13;Alpha2
N20;63;TimeDecoderWithVehicleByPercentage;1276,11;269,17;Alpha2
N20;63;TimeDecoderWithVehicleByPercentage;1475,08;287,91;Alpha2
N20;64;PositionalDecoderWithVehicleByPercentage;1352,02;179,91;Alpha2
N20;64;PositionalDecoderWithVehicleByPercentage;1205,33;240,54;Alpha2
N20;64;PositionalDecoderWithVehicleByPercentage;1338,65;200,79;Alpha2
N20;64;PositionalDecoderWithVehicleByPercentage;1389,99;236,33;Alpha2
N20;64;PositionalDecoderWithVehicleByPercentage;1276,99;251,77;Alpha2
N20;64;PositionalDecoderWithVehicleByPercentage;1318,86;201,78;Alpha2
N20;64;PositionalDecoderWithVehicleByPercentage;1365,82;229,07;Alpha2
N20;64;PositionalDecoderWithVehicleByPercentage;1299,84;251,75;Alpha2
N20;64;PositionalDecoderWithVehicleByPercentage;1232,64;263,58;Alpha2
N20;64;PositionalDecoderWithVehicleByPercentage;1179,13;280,96;Alpha2
N20;64;TimeDecoderWithVehicleByPercentage;1116,03;246,36;Alpha2
N20;64;TimeDecoderWithVehicleByPercentage;1233,51;209,89;Alpha2
N20;64;TimeDecoderWithVehicleByPercentage;1280,88;225,93;Alpha2
N20;64;TimeDecoderWithVehicleByPercentage;1303,22;225,43;Alpha2
N20;64;TimeDecoderWithVehicleByPercentage;1130,22;244,77;Alpha2
N20;64;TimeDecoderWithVehicleByPercentage;1196,06;240,58;Alpha2
N20;64;TimeDecoderWithVehicleByPercentage;1315,05;180,07;Alpha2
N20;64;TimeDecoderWithVehicleByPercentage;1404,68;174,25;Alpha2
N20;64;TimeDecoderWithVehicleByPercentage;1359,32;171,59;Alpha2
N20;64;TimeDecoderWithVehicleByPercentage;1347,74;248,81;Alpha2
N20;65;PositionalDecoderWithVehicleByPercentage;1341,48;323,33;Alpha2
N20;65;PositionalDecoderWithVehicleByPercentage;1298,48;309,41;Alpha2
N20;65;PositionalDecoderWithVehicleByPercentage;1472,47;324,97;Alpha2
N20;65;PositionalDecoderWithVehicleByPercentage;1382,39;327,23;Alpha2
N20;65;PositionalDecoderWithVehicleByPercentage;1325,84;322,06;Alpha2
N20;65;PositionalDecoderWithVehicleByPercentage;1372,06;283,12;Alpha2
N20;65;PositionalDecoderWithVehicleByPercentage;1316,24;332,57;Alpha2
N20;65;PositionalDecoderWithVehicleByPercentage;1457,41;366,15;Alpha2
N20;65;PositionalDecoderWithVehicleByPercentage;1373,01;321,48;Alpha2
N20;65;PositionalDecoderWithVehicleByPercentage;1442,98;346,05;Alpha2
N20;65;TimeDecoderWithVehicleByPercentage;1374,70;317,92;Alpha2
N20;65;TimeDecoderWithVehicleByPercentage;1432,71;314,58;Alpha2
N20;65;TimeDecoderWithVehicleByPercentage;1431,27;298,05;Alpha2
N20;65;TimeDecoderWithVehicleByPercentage;1441,61;335,98;Alpha2
N20;65;TimeDecoderWithVehicleByPercentage;1301,16;324,25;Alpha2
N20;65;TimeDecoderWithVehicleByPercentage;1221,14;323,97;Alpha2
N20;65;TimeDecoderWithVehicleByPercentage;1422,95;298,27;Alpha2
N20;65;TimeDecoderWithVehicleByPercentage;1517,00;290,07;Alpha2
N20;65;TimeDecoderWithVehicleByPercentage;1376,87;266,30;Alpha2
N20;65;TimeDecoderWithVehicleByPercentage;1468,33;334,20;Alpha2
N20;66;PositionalDecoderWithVehicleByPercentage;1604,94;271,74;Alpha2
N20;66;PositionalDecoderWithVehicleByPercentage;1520,66;310,71;Alpha2
N20;66;PositionalDecoderWithVehicleByPercentage;1697,08;289,49;Alpha2
N20;66;PositionalDecoderWithVehicleByPercentage;1210,16;304,81;Alpha2
N20;66;PositionalDecoderWithVehicleByPercentage;1301,57;301,11;Alpha2
N20;66;PositionalDecoderWithVehicleByPercentage;1627,38;282,70;Alpha2
N20;66;PositionalDecoderWithVehicleByPercentage;1449,38;260,21;Alpha2
N20;66;PositionalDecoderWithVehicleByPercentage;1650,42;255,87;Alpha2
N20;66;PositionalDecoderWithVehicleByPercentage;1425,04;277,59;Alpha2
N20;66;PositionalDecoderWithVehicleByPercentage;1437,97;279,16;Alpha2
N20;66;TimeDecoderWithVehicleByPercentage;1418,22;276,68;Alpha2
N20;66;TimeDecoderWithVehicleByPercentage;1543,28;272,62;Alpha2
N20;66;TimeDecoderWithVehicleByPercentage;1774,61;300,57;Alpha2
N20;66;TimeDecoderWithVehicleByPercentage;1477,04;278,36;Alpha2
N20;66;TimeDecoderWithVehicleByPercentage;1498,41;264,59;Alpha2
N20;66;TimeDecoderWithVehicleByPercentage;1730,74;282,03;Alpha2
N20;66;TimeDecoderWithVehicleByPercentage;1465,67;293,51;Alpha2
N20;66;TimeDecoderWithVehicleByPercentage;1684,96;272,00;Alpha2
N20;66;TimeDecoderWithVehicleByPercentage;1586,08;272,54;Alpha2
N20;66;TimeDecoderWithVehicleByPercentage;1505,56;271,87;Alpha2
N20;67;PositionalDecoderWithVehicleByPercentage;1402,80;336,38;Alpha2
N20;67;PositionalDecoderWithVehicleByPercentage;1552,48;283,60;Alpha2
N20;67;PositionalDecoderWithVehicleByPercentage;1288,06;291,69;Alpha2
N20;67;PositionalDecoderWithVehicleByPercentage;1473,23;309,77;Alpha2
N20;67;PositionalDecoderWithVehicleByPercentage;1412,03;302,63;Alpha2
N20;67;PositionalDecoderWithVehicleByPercentage;1586,02;235,46;Alpha2
N20;67;PositionalDecoderWithVehicleByPercentage;1625,72;298,47;Alpha2
N20;67;PositionalDecoderWithVehicleByPercentage;1402,68;315,88;Alpha2
N20;67;PositionalDecoderWithVehicleByPercentage;1412,18;295,25;Alpha2
N20;67;PositionalDecoderWithVehicleByPercentage;1678,35;314,95;Alpha2
N20;67;TimeDecoderWithVehicleByPercentage;1546,08;324,35;Alpha2
N20;67;TimeDecoderWithVehicleByPercentage;1434,64;295,80;Alpha2
N20;67;TimeDecoderWithVehicleByPercentage;1646,19;268,01;Alpha2
N20;67;TimeDecoderWithVehicleByPercentage;1349,59;321,11;Alpha2
N20;67;TimeDecoderWithVehicleByPercentage;1411,52;263,18;Alpha2
N20;67;TimeDecoderWithVehicleByPercentage;1491,09;306,34;Alpha2
N20;67;TimeDecoderWithVehicleByPercentage;1479,10;323,03;Alpha2
N20;67;TimeDecoderWithVehicleByPercentage;1328,97;274,48;Alpha2
N20;67;TimeDecoderWithVehicleByPercentage;1499,51;259,70;Alpha2
N20;67;TimeDecoderWithVehicleByPercentage;1411,46;295,63;Alpha2
N20;69;PositionalDecoderWithVehicleByPercentage;1459,09;236,05;Alpha2
N20;69;PositionalDecoderWithVehicleByPercentage;1328,23;228,97;Alpha2
N20;69;PositionalDecoderWithVehicleByPercentage;1274,13;296,26;Alpha2
N20;69;PositionalDecoderWithVehicleByPercentage;1494,58;259,82;Alpha2
N20;69;PositionalDecoderWithVehicleByPercentage;1468,13;240,72;Alpha2
N20;69;PositionalDecoderWithVehicleByPercentage;1646,06;260,46;Alpha2
N20;69;PositionalDecoderWithVehicleByPercentage;1537,62;260,02;Alpha2
N20;69;PositionalDecoderWithVehicleByPercentage;1331,31;294,92;Alpha2
N20;69;PositionalDecoderWithVehicleByPercentage;1344,81;247,40;Alpha2
N20;69;PositionalDecoderWithVehicleByPercentage;1406,55;252,89;Alpha2
N20;69;TimeDecoderWithVehicleByPercentage;1448,07;250,25;Alpha2
N20;69;TimeDecoderWithVehicleByPercentage;1315,47;297,80;Alpha2
N20;69;TimeDecoderWithVehicleByPercentage;1327,01;281,29;Alpha2
N20;69;TimeDecoderWithVehicleByPercentage;1574,48;272,84;Alpha2
N20;69;TimeDecoderWithVehicleByPercentage;1372,66;293,56;Alpha2
N20;69;TimeDecoderWithVehicleByPercentage;1229,70;269,02;Alpha2
N20;69;TimeDecoderWithVehicleByPercentage;1475,07;223,55;Alpha2
N20;69;TimeDecoderWithVehicleByPercentage;1327,61;246,85;Alpha2
N20;69;TimeDecoderWithVehicleByPercentage;1374,08;282,52;Alpha2
N20;69;TimeDecoderWithVehicleByPercentage;1506,21;245,15;Alpha2
N20;68;PositionalDecoderWithVehicleByPercentage;1486,43;331,04;Alpha2
N20;68;PositionalDecoderWithVehicleByPercentage;1421,23;362,52;Alpha2
N20;68;PositionalDecoderWithVehicleByPercentage;1400,02;369,97;Alpha2
N20;68;PositionalDecoderWithVehicleByPercentage;1315,59;293,38;Alpha2
N20;68;PositionalDecoderWithVehicleByPercentage;1431,55;327,67;Alpha2
N20;68;PositionalDecoderWithVehicleByPercentage;1734,15;324,45;Alpha2
N20;68;PositionalDecoderWithVehicleByPercentage;1376,48;292,09;Alpha2
N20;68;PositionalDecoderWithVehicleByPercentage;1525,85;287,90;Alpha2
N20;68;PositionalDecoderWithVehicleByPercentage;1487,08;317,10;Alpha2
N20;68;PositionalDecoderWithVehicleByPercentage;1540,35;289,17;Alpha2
N20;68;TimeDecoderWithVehicleByPercentage;1502,25;351,66;Alpha2
N20;68;TimeDecoderWithVehicleByPercentage;1607,69;309,83;Alpha2
N20;68;TimeDecoderWithVehicleByPercentage;1515,46;355,13;Alpha2
N20;68;TimeDecoderWithVehicleByPercentage;1487,18;341,43;Alpha2
N20;68;TimeDecoderWithVehicleByPercentage;1447,69;267,67;Alpha2
N20;68;TimeDecoderWithVehicleByPercentage;1470,75;342,72;Alpha2
N20;68;TimeDecoderWithVehicleByPercentage;1618,80;281,38;Alpha2
N20;68;TimeDecoderWithVehicleByPercentage;1520,23;299,08;Alpha2
N20;68;TimeDecoderWithVehicleByPercentage;1603,79;313,72;Alpha2
N20;68;TimeDecoderWithVehicleByPercentage;1490,11;314,09;Alpha2
N20;70;PositionalDecoderWithVehicleByPercentage;1502,17;254,39;Alpha2
N20;70;PositionalDecoderWithVehicleByPercentage;1559,67;268,21;Alpha2
N20;70;PositionalDecoderWithVehicleByPercentage;1366,10;262,54;Alpha2
N20;70;PositionalDecoderWithVehicleByPercentage;1418,75;296,81;Alpha2
N20;70;PositionalDecoderWithVehicleByPercentage;1220,97;268,32;Alpha2
N20;70;PositionalDecoderWithVehicleByPercentage;1522,34;256,60;Alpha2
N20;70;PositionalDecoderWithVehicleByPercentage;1316,49;287,69;Alpha2
N20;70;PositionalDecoderWithVehicleByPercentage;1328,33;245,87;Alpha2
N20;70;PositionalDecoderWithVehicleByPercentage;1355,22;265,48;Alpha2
N20;70;PositionalDecoderWithVehicleByPercentage;1390,96;272,48;Alpha2
N20;70;TimeDecoderWithVehicleByPercentage;1325,62;267,77;Alpha2
N20;70;TimeDecoderWithVehicleByPercentage;1267,39;281,38;Alpha2
N20;70;TimeDecoderWithVehicleByPercentage;1566,39;269,94;Alpha2
N20;70;TimeDecoderWithVehicleByPercentage;1446,57;284,86;Alpha2
N20;70;TimeDecoderWithVehicleByPercentage;1585,21;260,95;Alpha2
N20;70;TimeDecoderWithVehicleByPercentage;1440,17;326,37;Alpha2
N20;70;TimeDecoderWithVehicleByPercentage;1135,07;265,15;Alpha2
N20;70;TimeDecoderWithVehicleByPercentage;1391,22;245,94;Alpha2
N20;70;TimeDecoderWithVehicleByPercentage;1385,93;255,93;Alpha2
N20;70;TimeDecoderWithVehicleByPercentage;1548,36;240,10;Alpha2
N50;71;PositionalDecoderWithVehicleByPercentage;3173,03;726,84;Alpha2
N50;71;PositionalDecoderWithVehicleByPercentage;3204,14;755,08;Alpha2
N50;71;PositionalDecoderWithVehicleByPercentage;3390,54;764,93;Alpha2
N50;71;PositionalDecoderWithVehicleByPercentage;3461,32;802,57;Alpha2
N50;71;PositionalDecoderWithVehicleByPercentage;2949,09;742,66;Alpha2
N50;71;PositionalDecoderWithVehicleByPercentage;3076,23;732,42;Alpha2
N50;71;PositionalDecoderWithVehicleByPercentage;3316,18;815,22;Alpha2
N50;71;PositionalDecoderWithVehicleByPercentage;3372,61;644,84;Alpha2
N50;71;PositionalDecoderWithVehicleByPercentage;3048,75;709,51;Alpha2
N50;71;TimeDecoderWithVehicleByPercentage;3352,97;630,44;Alpha2
N50;71;TimeDecoderWithVehicleByPercentage;3393,58;784,58;Alpha2
N50;71;TimeDecoderWithVehicleByPercentage;3605,02;772,69;Alpha2
N50;71;TimeDecoderWithVehicleByPercentage;3180,61;729,08;Alpha2
N50;71;TimeDecoderWithVehicleByPercentage;3554,82;813,44;Alpha2
N50;71;TimeDecoderWithVehicleByPercentage;3094,39;761,95;Alpha2
N50;71;TimeDecoderWithVehicleByPercentage;3064,33;733,86;Alpha2
N50;71;TimeDecoderWithVehicleByPercentage;3674,62;1076,72;Alpha2
N50;71;TimeDecoderWithVehicleByPercentage;3489,48;932,04;Alpha2
N50;75;PositionalDecoderWithVehicleByPercentage;3407,15;725,94;Alpha2
N50;75;PositionalDecoderWithVehicleByPercentage;3481,73;782,88;Alpha2
N50;75;PositionalDecoderWithVehicleByPercentage;3376,42;779,66;Alpha2
N50;75;PositionalDecoderWithVehicleByPercentage;3393,65;880,65;Alpha2
N50;75;PositionalDecoderWithVehicleByPercentage;3566,17;736,80;Alpha2
N50;75;PositionalDecoderWithVehicleByPercentage;3233,94;669,72;Alpha2
N50;75;PositionalDecoderWithVehicleByPercentage;3229,93;731,41;Alpha2
N50;75;PositionalDecoderWithVehicleByPercentage;3451,65;814,76;Alpha2
N50;75;TimeDecoderWithVehicleByPercentage;2717,50;694,62;Alpha2
N50;75;TimeDecoderWithVehicleByPercentage;3311,70;847,52;Alpha2
N50;75;TimeDecoderWithVehicleByPercentage;3240,53;723,44;Alpha2
N50;75;TimeDecoderWithVehicleByPercentage;3334,38;833,35;Alpha2
N50;75;TimeDecoderWithVehicleByPercentage;3116,96;632,11;Alpha2
N50;75;TimeDecoderWithVehicleByPercentage;3534,26;830,78;Alpha2
N50;75;TimeDecoderWithVehicleByPercentage;3274,05;790,23;Alpha2
N50;75;TimeDecoderWithVehicleByPercentage;3438,39;849,52;Alpha2
N50;75;TimeDecoderWithVehicleByPercentage;3075,39;790,36;Alpha2
N50;79;PositionalDecoderWithVehicleByPercentage;3346,50;1103,13;Alpha2
N50;79;PositionalDecoderWithVehicleByPercentage;3001,81;672,90;Alpha2
N50;79;PositionalDecoderWithVehicleByPercentage;2929,10;704,37;Alpha2
N50;79;PositionalDecoderWithVehicleByPercentage;3093,32;736,10;Alpha2
N50;79;PositionalDecoderWithVehicleByPercentage;3189,50;659,45;Alpha2
N50;79;PositionalDecoderWithVehicleByPercentage;3096,80;893,56;Alpha2
N50;79;PositionalDecoderWithVehicleByPercentage;3153,39;650,83;Alpha2
N50;79;PositionalDecoderWithVehicleByPercentage;2664,79;676,24;Alpha2
N50;79;PositionalDecoderWithVehicleByPercentage;3579,01;738,16;Alpha2
N50;79;TimeDecoderWithVehicleByPercentage;2830,11;627,96;Alpha2
N50;79;TimeDecoderWithVehicleByPercentage;2958,29;817,66;Alpha2
N50;79;TimeDecoderWithVehicleByPercentage;3257,26;890,90;Alpha2
N50;79;TimeDecoderWithVehicleByPercentage;3301,33;827,30;Alpha2
N50;79;TimeDecoderWithVehicleByPercentage;3171,73;753,71;Alpha2
N50;79;TimeDecoderWithVehicleByPercentage;3391,88;677,71;Alpha2
N50;79;TimeDecoderWithVehicleByPercentage;2778,06;734,05;Alpha2
N50;79;TimeDecoderWithVehicleByPercentage;3026,66;710,47;Alpha2
N50;79;TimeDecoderWithVehicleByPercentage;3359,58;674,53;Alpha2
N50;80;PositionalDecoderWithVehicleByPercentage;3478,93;769,77;Alpha2
N50;80;PositionalDecoderWithVehicleByPercentage;3533,13;1006,94;Alpha2
N50;80;PositionalDecoderWithVehicleByPercentage;3360,47;716,09;Alpha2
N50;80;PositionalDecoderWithVehicleByPercentage;3432,96;705,71;Alpha2
N50;80;PositionalDecoderWithVehicleByPercentage;3264,09;829,39;Alpha2
N50;80;PositionalDecoderWithVehicleByPercentage;3156,54;651,23;Alpha2
N50;80;PositionalDecoderWithVehicleByPercentage;3327,64;971,51;Alpha2
N50;80;TimeDecoderWithVehicleByPercentage;3147,95;756,48;Alpha2
N50;80;TimeDecoderWithVehicleByPercentage;3635,61;698,11;Alpha2
N50;80;TimeDecoderWithVehicleByPercentage;3432,38;792,56;Alpha2
N50;80;TimeDecoderWithVehicleByPercentage;3146,82;714,66;Alpha2
N50;80;TimeDecoderWithVehicleByPercentage;3499,59;771,42;Alpha2
N50;80;TimeDecoderWithVehicleByPercentage;3506,39;679,07;Alpha2
N50;80;TimeDecoderWithVehicleByPercentage;3075,73;697,17;Alpha2
N50;72;PositionalDecoderWithVehicleByPercentage;3616,28;1809,21;Alpha2
N50;72;PositionalDecoderWithVehicleByPercentage;3595,50;864,15;Alpha2
N50;72;PositionalDecoderWithVehicleByPercentage;3343,36;701,96;Alpha2
N50;72;PositionalDecoderWithVehicleByPercentage;3961,10;729,01;Alpha2
N50;72;PositionalDecoderWithVehicleByPercentage;3365,61;952,19;Alpha2
N50;72;PositionalDecoderWithVehicleByPercentage;3513,00;728,04;Alpha2
N50;72;PositionalDecoderWithVehicleByPercentage;3537,29;867,37;Alpha2
N50;72;PositionalDecoderWithVehicleByPercentage;3295,98;714,16;Alpha2
N50;72;PositionalDecoderWithVehicleByPercentage;3561,07;981,39;Alpha2
N50;72;TimeDecoderWithVehicleByPercentage;3631,11;766,56;Alpha2
N50;72;TimeDecoderWithVehicleByPercentage;3414,18;860,57;Alpha2
N50;72;TimeDecoderWithVehicleByPercentage;3603,56;726,44;Alpha2
N50;72;TimeDecoderWithVehicleByPercentage;3577,01;867,98;Alpha2
N50;72;TimeDecoderWithVehicleByPercentage;3808,57;775,96;Alpha2
N50;72;TimeDecoderWithVehicleByPercentage;3096,26;828,70;Alpha2
N50;72;TimeDecoderWithVehicleByPercentage;3750,99;980,11;Alpha2
N50;72;TimeDecoderWithVehicleByPercentage;3294,25;803,19;Alpha2
N50;72;TimeDecoderWithVehicleByPercentage;3345,15;714,24;Alpha2
N50;72;TimeDecoderWithVehicleByPercentage;3629,00;778,89;Alpha2
N50;73;PositionalDecoderWithVehicleByPercentage;3558,36;707,33;Alpha2
N50;73;PositionalDecoderWithVehicleByPercentage;3007,88;752,77;Alpha2
N50;73;PositionalDecoderWithVehicleByPercentage;3112,10;844,35;Alpha2
N50;73;PositionalDecoderWithVehicleByPercentage;3676,45;1088,66;Alpha2
N50;73;PositionalDecoderWithVehicleByPercentage;3159,78;684,78;Alpha2
N50;73;PositionalDecoderWithVehicleByPercentage;3218,36;855,79;Alpha2
N50;73;PositionalDecoderWithVehicleByPercentage;3388,44;784,97;Alpha2
N50;73;PositionalDecoderWithVehicleByPercentage;3460,02;858,30;Alpha2
N50;73;TimeDecoderWithVehicleByPercentage;3808,98;943,93;Alpha2
N50;73;TimeDecoderWithVehicleByPercentage;3208,65;765,16;Alpha2
N50;73;TimeDecoderWithVehicleByPercentage;3053,40;1008,26;Alpha2
N50;73;TimeDecoderWithVehicleByPercentage;3309,31;816,42;Alpha2
N50;73;TimeDecoderWithVehicleByPercentage;3672,45;833,70;Alpha2
N50;73;TimeDecoderWithVehicleByPercentage;3510,48;805,08;Alpha2
N50;73;TimeDecoderWithVehicleByPercentage;3763,67;895,85;Alpha2
N50;73;TimeDecoderWithVehicleByPercentage;3465,82;725,36;Alpha2
N50;74;PositionalDecoderWithVehicleByPercentage;3277,42;765,44;Alpha2
N50;74;PositionalDecoderWithVehicleByPercentage;3296,05;662,91;Alpha2
N50;74;PositionalDecoderWithVehicleByPercentage;3352,90;920,21;Alpha2
N50;74;PositionalDecoderWithVehicleByPercentage;3379,15;716,79;Alpha2
N50;74;PositionalDecoderWithVehicleByPercentage;3215,77;641,55;Alpha2
N50;74;PositionalDecoderWithVehicleByPercentage;3517,65;903,23;Alpha2
N50;74;PositionalDecoderWithVehicleByPercentage;3232,71;774,15;Alpha2
N50;74;PositionalDecoderWithVehicleByPercentage;3429,25;806,67;Alpha2
N50;74;TimeDecoderWithVehicleByPercentage;3543,59;718,81;Alpha2
N50;74;TimeDecoderWithVehicleByPercentage;3510,20;789,13;Alpha2
N50;74;TimeDecoderWithVehicleByPercentage;3334,60;804,72;Alpha2
N50;74;TimeDecoderWithVehicleByPercentage;3451,33;690,48;Alpha2
N50;74;TimeDecoderWithVehicleByPercentage;3246,51;659,44;Alpha2
N50;74;TimeDecoderWithVehicleByPercentage;3281,39;692,69;Alpha2
N50;74;TimeDecoderWithVehicleByPercentage;2959,48;736,21;Alpha2
N50;74;TimeDecoderWithVehicleByPercentage;3162,63;653,18;Alpha2
N50;76;PositionalDecoderWithVehicleByPercentage;3328,69;743,78;Alpha2
N50;76;PositionalDecoderWithVehicleByPercentage;3293,90;694,30;Alpha2
N50;76;PositionalDecoderWithVehicleByPercentage;3272,86;578,08;Alpha2
N50;76;PositionalDecoderWithVehicleByPercentage;3213,05;841,89;Alpha2
N50;76;PositionalDecoderWithVehicleByPercentage;3418,44;801,30;Alpha2
N50;76;PositionalDecoderWithVehicleByPercentage;3520,97;686,80;Alpha2
N50;76;PositionalDecoderWithVehicleByPercentage;3463,63;785,26;Alpha2
N50;76;PositionalDecoderWithVehicleByPercentage;3112,76;713,41;Alpha2
N50;76;PositionalDecoderWithVehicleByPercentage;3377,39;606,03;Alpha2
N50;76;PositionalDecoderWithVehicleByPercentage;3458,32;705,74;Alpha2
N50;76;TimeDecoderWithVehicleByPercentage;3124,03;612,49;Alpha2
N50;76;TimeDecoderWithVehicleByPercentage;3601,85;708,14;Alpha2
N50;76;TimeDecoderWithVehicleByPercentage;3346,65;831,10;Alpha2
N50;76;TimeDecoderWithVehicleByPercentage;3509,36;886,66;Alpha2
N50;76;TimeDecoderWithVehicleByPercentage;3128,35;777,87;Alpha2
N50;76;TimeDecoderWithVehicleByPercentage;2805,85;604,78;Alpha2
N50;76;TimeDecoderWithVehicleByPercentage;3051,29;826,46;Alpha2
N50;76;TimeDecoderWithVehicleByPercentage;3122,59;679,58;Alpha2
N50;77;PositionalDecoderWithVehicleByPercentage;3636,28;644,29;Alpha2
N50;77;PositionalDecoderWithVehicleByPercentage;3637,13;800,29;Alpha2
N50;77;PositionalDecoderWithVehicleByPercentage;3426,89;906,42;Alpha2
N50;77;PositionalDecoderWithVehicleByPercentage;3218,51;666,78;Alpha2
N50;77;PositionalDecoderWithVehicleByPercentage;3062,79;598,92;Alpha2
N50;77;PositionalDecoderWithVehicleByPercentage;3614,11;800,13;Alpha2
N50;77;PositionalDecoderWithVehicleByPercentage;3640,16;768,41;Alpha2
N50;77;PositionalDecoderWithVehicleByPercentage;3522,66;914,56;Alpha2
N50;77;TimeDecoderWithVehicleByPercentage;3709,85;769,59;Alpha2
N50;77;TimeDecoderWithVehicleByPercentage;3949,76;866,72;Alpha2
N50;77;TimeDecoderWithVehicleByPercentage;3600,36;709,87;Alpha2
N50;77;TimeDecoderWithVehicleByPercentage;3475,07;853,10;Alpha2
N50;77;TimeDecoderWithVehicleByPercentage;3792,58;955,29;Alpha2
N50;77;TimeDecoderWithVehicleByPercentage;3571,96;709,15;Alpha2
N50;77;TimeDecoderWithVehicleByPercentage;3433,01;781,09;Alpha2
N50;77;TimeDecoderWithVehicleByPercentage;3501,38;764,01;Alpha2
N50;77;TimeDecoderWithVehicleByPercentage;3138,64;707,95;Alpha2
N50;77;TimeDecoderWithVehicleByPercentage;3481,92;787,75;Alpha2
N50;78;PositionalDecoderWithVehicleByPercentage;3811,85;919,68;Alpha2
N50;78;PositionalDecoderWithVehicleByPercentage;3656,11;843,03;Alpha2
N50;78;PositionalDecoderWithVehicleByPercentage;3550,92;817,95;Alpha2
N50;78;PositionalDecoderWithVehicleByPercentage;3902,99;966,01;Alpha2
N50;78;PositionalDecoderWithVehicleByPercentage;3289,25;937,72;Alpha2
N50;78;PositionalDecoderWithVehicleByPercentage;3877,66;746,29;Alpha2
N50;78;PositionalDecoderWithVehicleByPercentage;3405,98;843,99;Alpha2
N50;78;PositionalDecoderWithVehicleByPercentage;3654,87;815,96;Alpha2
N50;78;PositionalDecoderWithVehicleByPercentage;4089,99;1054,31;Alpha2
N50;78;TimeDecoderWithVehicleByPercentage;3786,70;873,74;Alpha2
N50;78;TimeDecoderWithVehicleByPercentage;3576,93;871,22;Alpha2
N50;78;TimeDecoderWithVehicleByPercentage;3322,90;1975,57;Alpha2
N50;78;TimeDecoderWithVehicleByPercentage;3551,51;776,41;Alpha2
N50;78;TimeDecoderWithVehicleByPercentage;3073,91;696,14;Alpha2
N50;78;TimeDecoderWithVehicleByPercentage;3305,71;745,25;Alpha2
N50;78;TimeDecoderWithVehicleByPercentage;3505,43;691,88;Alpha2
N50;78;TimeDecoderWithVehicleByPercentage;3236,75;790,52;Alpha2
N50;78;TimeDecoderWithVehicleByPercentage;3370,94;647,50;Alpha2
N75;87;PositionalDecoderWithVehicleByPercentage;4721,95;1198,55;Alpha2
N75;87;TimeDecoderWithVehicleByPercentage;4711,77;1006,29;Alpha2
N75;87;TimeDecoderWithVehicleByPercentage;5031,36;1228,37;Alpha2
N10;51;PositionalDecoderWithVehicleByPercentage;866,51;226,91;Alpha3
N10;51;PositionalDecoderWithVehicleByPercentage;1022,74;222,63;Alpha3
N10;51;PositionalDecoderWithVehicleByPercentage;1052,03;222,63;Alpha3
N10;51;PositionalDecoderWithVehicleByPercentage;926,86;204,23;Alpha3
N10;51;PositionalDecoderWithVehicleByPercentage;984,63;223,46;Alpha3
N10;51;PositionalDecoderWithVehicleByPercentage;894,93;223,46;Alpha3
N10;51;PositionalDecoderWithVehicleByPercentage;1038,89;204,23;Alpha3
N10;51;PositionalDecoderWithVehicleByPercentage;913,67;222,63;Alpha3
N10;51;PositionalDecoderWithVehicleByPercentage;787,48;225,61;Alpha3
N10;51;PositionalDecoderWithVehicleByPercentage;1040,31;222,63;Alpha3
N10;51;TimeDecoderWithVehicleByPercentage;869,25;204,23;Alpha3
N10;51;TimeDecoderWithVehicleByPercentage;976,13;204,23;Alpha3
N10;51;TimeDecoderWithVehicleByPercentage;906,58;204,23;Alpha3
N10;51;TimeDecoderWithVehicleByPercentage;954,21;222,63;Alpha3
N10;51;TimeDecoderWithVehicleByPercentage;950,79;222,63;Alpha3
N10;51;TimeDecoderWithVehicleByPercentage;1006,57;204,23;Alpha3
N10;51;TimeDecoderWithVehicleByPercentage;988,35;204,23;Alpha3
N10;51;TimeDecoderWithVehicleByPercentage;995,45;204,23;Alpha3
N10;51;TimeDecoderWithVehicleByPercentage;1001,21;222,63;Alpha3
N10;51;TimeDecoderWithVehicleByPercentage;910,54;222,63;Alpha3
N10;53;PositionalDecoderWithVehicleByPercentage;688,25;80,83;Alpha3
N10;53;PositionalDecoderWithVehicleByPercentage;723,78;80,83;Alpha3
N10;53;PositionalDecoderWithVehicleByPercentage;695,32;80,83;Alpha3
N10;53;PositionalDecoderWithVehicleByPercentage;729,97;80,83;Alpha3
N10;53;PositionalDecoderWithVehicleByPercentage;715,38;80,83;Alpha3
N10;53;PositionalDecoderWithVehicleByPercentage;714,66;80,83;Alpha3
N10;53;PositionalDecoderWithVehicleByPercentage;729,92;80,83;Alpha3
N10;53;PositionalDecoderWithVehicleByPercentage;722,20;80,83;Alpha3
N10;53;PositionalDecoderWithVehicleByPercentage;719,45;80,83;Alpha3
N10;53;PositionalDecoderWithVehicleByPercentage;718,69;80,83;Alpha3
N10;53;TimeDecoderWithVehicleByPercentage;723,82;80,83;Alpha3
N10;53;TimeDecoderWithVehicleByPercentage;717,70;80,83;Alpha3
N10;53;TimeDecoderWithVehicleByPercentage;729,19;80,83;Alpha3
N10;53;TimeDecoderWithVehicleByPercentage;694,78;80,83;Alpha3
N10;53;TimeDecoderWithVehicleByPercentage;711,79;80,83;Alpha3
N10;53;TimeDecoderWithVehicleByPercentage;711,53;80,83;Alpha3
N10;53;TimeDecoderWithVehicleByPercentage;724,45;80,83;Alpha3
N10;53;TimeDecoderWithVehicleByPercentage;703,10;80,83;Alpha3
N10;53;TimeDecoderWithVehicleByPercentage;723,78;80,83;Alpha3
N10;53;TimeDecoderWithVehicleByPercentage;721,34;80,83;Alpha3
N10;58;PositionalDecoderWithVehicleByPercentage;732,66;184,33;Alpha3
N10;58;PositionalDecoderWithVehicleByPercentage;811,11;163,35;Alpha3
N10;58;PositionalDecoderWithVehicleByPercentage;827,60;184,33;Alpha3
N10;58;PositionalDecoderWithVehicleByPercentage;891,36;184,33;Alpha3
N10;58;PositionalDecoderWithVehicleByPercentage;810,87;163,35;Alpha3
N10;58;PositionalDecoderWithVehicleByPercentage;801,32;184,33;Alpha3
N10;58;PositionalDecoderWithVehicleByPercentage;713,38;188,34;Alpha3
N10;58;PositionalDecoderWithVehicleByPercentage;805,51;163,35;Alpha3
N10;58;PositionalDecoderWithVehicleByPercentage;904,67;189,51;Alpha3
N10;58;PositionalDecoderWithVehicleByPercentage;924,77;189,51;Alpha3
N10;58;TimeDecoderWithVehicleByPercentage;795,58;184,33;Alpha3
N10;58;TimeDecoderWithVehicleByPercentage;870,51;163,35;Alpha3
N10;58;TimeDecoderWithVehicleByPercentage;768,25;184,33;Alpha3
N10;58;TimeDecoderWithVehicleByPercentage;859,91;184,33;Alpha3
N10;58;TimeDecoderWithVehicleByPercentage;746,97;184,33;Alpha3
N10;58;TimeDecoderWithVehicleByPercentage;833,61;163,35;Alpha3
N10;58;TimeDecoderWithVehicleByPercentage;767,56;163,35;Alpha3
N10;58;TimeDecoderWithVehicleByPercentage;813,45;163,35;Alpha3
N10;58;TimeDecoderWithVehicleByPercentage;803,07;184,33;Alpha3
N10;58;TimeDecoderWithVehicleByPercentage;851,58;163,35;Alpha3
N10;52;PositionalDecoderWithVehicleByPercentage;792,27;124,95;Alpha3
N10;52;PositionalDecoderWithVehicleByPercentage;765,66;142,21;Alpha3
N10;52;PositionalDecoderWithVehicleByPercentage;808,08;124,95;Alpha3
N10;52;PositionalDecoderWithVehicleByPercentage;789,96;142,21;Alpha3
N10;52;PositionalDecoderWithVehicleByPercentage;812,93;124,95;Alpha3
N10;52;PositionalDecoderWithVehicleByPercentage;819,10;142,21;Alpha3
N10;52;PositionalDecoderWithVehicleByPercentage;790,19;124,95;Alpha3
N10;52;PositionalDecoderWithVehicleByPercentage;794,80;124,95;Alpha3
N10;52;PositionalDecoderWithVehicleByPercentage;759,80;142,21;Alpha3
N10;52;PositionalDecoderWithVehicleByPercentage;819,11;124,95;Alpha3
N10;52;TimeDecoderWithVehicleByPercentage;753,74;124,95;Alpha3
N10;52;TimeDecoderWithVehicleByPercentage;806,01;124,95;Alpha3
N10;52;TimeDecoderWithVehicleByPercentage;774,30;124,95;Alpha3
N10;52;TimeDecoderWithVehicleByPercentage;781,52;124,95;Alpha3
N10;52;TimeDecoderWithVehicleByPercentage;763,39;124,95;Alpha3
N10;52;TimeDecoderWithVehicleByPercentage;756,77;124,95;Alpha3
N10;52;TimeDecoderWithVehicleByPercentage;785,57;142,21;Alpha3
N10;52;TimeDecoderWithVehicleByPercentage;792,73;124,95;Alpha3
N10;52;TimeDecoderWithVehicleByPercentage;787,77;124,95;Alpha3
N10;52;TimeDecoderWithVehicleByPercentage;830,95;139,32;Alpha3
N10;54;PositionalDecoderWithVehicleByPercentage;836,16;136,31;Alpha3
N10;54;PositionalDecoderWithVehicleByPercentage;828,71;136,31;Alpha3
N10;54;PositionalDecoderWithVehicleByPercentage;859,55;138,97;Alpha3
N10;54;PositionalDecoderWithVehicleByPercentage;850,40;136,31;Alpha3
N10;54;PositionalDecoderWithVehicleByPercentage;869,06;136,31;Alpha3
N10;54;PositionalDecoderWithVehicleByPercentage;873,74;136,31;Alpha3
N10;54;PositionalDecoderWithVehicleByPercentage;857,31;136,31;Alpha3
N10;54;PositionalDecoderWithVehicleByPercentage;874,53;136,31;Alpha3
N10;54;PositionalDecoderWithVehicleByPercentage;830,29;136,31;Alpha3
N10;54;PositionalDecoderWithVehicleByPercentage;854,48;136,31;Alpha3
N10;54;TimeDecoderWithVehicleByPercentage;888,99;136,31;Alpha3
N10;54;TimeDecoderWithVehicleByPercentage;874,53;136,31;Alpha3
N10;54;TimeDecoderWithVehicleByPercentage;867,68;136,31;Alpha3
N10;54;TimeDecoderWithVehicleByPercentage;840,37;136,31;Alpha3
N10;54;TimeDecoderWithVehicleByPercentage;863,11;136,31;Alpha3
N10;54;TimeDecoderWithVehicleByPercentage;834,31;136,31;Alpha3
N10;54;TimeDecoderWithVehicleByPercentage;901,03;136,31;Alpha3
N10;54;TimeDecoderWithVehicleByPercentage;832,92;136,31;Alpha3
N10;54;TimeDecoderWithVehicleByPercentage;898,14;136,31;Alpha3
N10;54;TimeDecoderWithVehicleByPercentage;828,64;136,31;Alpha3
N10;55;PositionalDecoderWithVehicleByPercentage;953,48;182,37;Alpha3
N10;55;PositionalDecoderWithVehicleByPercentage;1061,03;182,37;Alpha3
N10;55;PositionalDecoderWithVehicleByPercentage;987,81;182,37;Alpha3
N10;55;PositionalDecoderWithVehicleByPercentage;1040,93;182,37;Alpha3
N10;55;PositionalDecoderWithVehicleByPercentage;1014,82;182,37;Alpha3
N10;55;PositionalDecoderWithVehicleByPercentage;1044,11;182,37;Alpha3
N10;55;PositionalDecoderWithVehicleByPercentage;1055,68;182,37;Alpha3
N10;55;PositionalDecoderWithVehicleByPercentage;1066,00;182,37;Alpha3
N10;55;PositionalDecoderWithVehicleByPercentage;1073,73;182,37;Alpha3
N10;55;PositionalDecoderWithVehicleByPercentage;1016,13;182,37;Alpha3
N10;55;TimeDecoderWithVehicleByPercentage;907,58;229,10;Alpha3
N10;55;TimeDecoderWithVehicleByPercentage;975,59;182,37;Alpha3
N10;55;TimeDecoderWithVehicleByPercentage;995,97;182,37;Alpha3
N10;55;TimeDecoderWithVehicleByPercentage;1040,86;182,37;Alpha3
N10;55;TimeDecoderWithVehicleByPercentage;1018,34;182,37;Alpha3
N10;55;TimeDecoderWithVehicleByPercentage;934,51;182,37;Alpha3
N10;55;TimeDecoderWithVehicleByPercentage;1056,26;182,37;Alpha3
N10;55;TimeDecoderWithVehicleByPercentage;930,40;182,37;Alpha3
N10;55;TimeDecoderWithVehicleByPercentage;961,97;182,37;Alpha3
N10;55;TimeDecoderWithVehicleByPercentage;964,39;182,37;Alpha3
N10;56;PositionalDecoderWithVehicleByPercentage;895,81;175,02;Alpha3
N10;56;PositionalDecoderWithVehicleByPercentage;808,83;171,29;Alpha3
N10;56;PositionalDecoderWithVehicleByPercentage;899,43;175,02;Alpha3
N10;56;PositionalDecoderWithVehicleByPercentage;872,56;175,02;Alpha3
N10;56;PositionalDecoderWithVehicleByPercentage;801,09;171,29;Alpha3
N10;56;PositionalDecoderWithVehicleByPercentage;783,93;171,29;Alpha3
N10;56;PositionalDecoderWithVehicleByPercentage;819,64;171,29;Alpha3
N10;56;PositionalDecoderWithVehicleByPercentage;931,34;180,53;Alpha3
N10;56;PositionalDecoderWithVehicleByPercentage;777,80;171,29;Alpha3
N10;56;PositionalDecoderWithVehicleByPercentage;846,22;171,29;Alpha3
N10;56;TimeDecoderWithVehicleByPercentage;798,18;171,29;Alpha3
N10;56;TimeDecoderWithVehicleByPercentage;821,56;171,29;Alpha3
N10;56;TimeDecoderWithVehicleByPercentage;781,50;171,29;Alpha3
N10;56;TimeDecoderWithVehicleByPercentage;828,98;171,29;Alpha3
N10;56;TimeDecoderWithVehicleByPercentage;824,01;171,29;Alpha3
N10;56;TimeDecoderWithVehicleByPercentage;830,72;171,29;Alpha3
N10;56;TimeDecoderWithVehicleByPercentage;861,74;171,29;Alpha3
N10;56;TimeDecoderWithVehicleByPercentage;870,59;171,29;Alpha3
N10;56;TimeDecoderWithVehicleByPercentage;877,64;175,02;Alpha3
N10;56;TimeDecoderWithVehicleByPercentage;914,42;204,30;Alpha3
N10;57;PositionalDecoderWithVehicleByPercentage;810,48;66,81;Alpha3
N10;57;PositionalDecoderWithVehicleByPercentage;815,59;66,81;Alpha3
N10;57;PositionalDecoderWithVehicleByPercentage;811,30;66,81;Alpha3
N10;57;PositionalDecoderWithVehicleByPercentage;800,71;66,81;Alpha3
N10;57;PositionalDecoderWithVehicleByPercentage;813,22;66,81;Alpha3
N10;57;PositionalDecoderWithVehicleByPercentage;820,03;66,81;Alpha3
N10;57;PositionalDecoderWithVehicleByPercentage;815,59;66,81;Alpha3
N10;57;PositionalDecoderWithVehicleByPercentage;809,11;66,81;Alpha3
N10;57;PositionalDecoderWithVehicleByPercentage;810,19;66,81;Alpha3
N10;57;PositionalDecoderWithVehicleByPercentage;809,78;66,81;Alpha3
N10;57;TimeDecoderWithVehicleByPercentage;804,27;66,81;Alpha3
N10;57;TimeDecoderWithVehicleByPercentage;806,35;66,81;Alpha3
N10;57;TimeDecoderWithVehicleByPercentage;806,16;66,81;Alpha3
N10;57;TimeDecoderWithVehicleByPercentage;820,83;66,81;Alpha3
N10;57;TimeDecoderWithVehicleByPercentage;811,32;66,81;Alpha3
N10;57;TimeDecoderWithVehicleByPercentage;812,76;66,81;Alpha3
N10;57;TimeDecoderWithVehicleByPercentage;808,11;66,81;Alpha3
N10;57;TimeDecoderWithVehicleByPercentage;806,35;66,81;Alpha3
N10;57;TimeDecoderWithVehicleByPercentage;803,52;66,81;Alpha3
N10;57;TimeDecoderWithVehicleByPercentage;814,17;66,81;Alpha3
N10;59;PositionalDecoderWithVehicleByPercentage;900,07;115,86;Alpha3
N10;59;PositionalDecoderWithVehicleByPercentage;906,42;115,86;Alpha3
N10;59;PositionalDecoderWithVehicleByPercentage;915,84;115,86;Alpha3
N10;59;PositionalDecoderWithVehicleByPercentage;896,75;115,86;Alpha3
N10;59;PositionalDecoderWithVehicleByPercentage;917,59;115,86;Alpha3
N10;59;PositionalDecoderWithVehicleByPercentage;880,57;115,86;Alpha3
N10;59;PositionalDecoderWithVehicleByPercentage;913,56;115,86;Alpha3
N10;59;PositionalDecoderWithVehicleByPercentage;914,36;115,86;Alpha3
N10;59;PositionalDecoderWithVehicleByPercentage;877,80;115,86;Alpha3
N10;59;PositionalDecoderWithVehicleByPercentage;899,90;115,86;Alpha3
N10;59;TimeDecoderWithVehicleByPercentage;878,05;115,86;Alpha3
N10;59;TimeDecoderWithVehicleByPercentage;855,48;115,86;Alpha3
N10;59;TimeDecoderWithVehicleByPercentage;886,78;115,86;Alpha3
N10;59;TimeDecoderWithVehicleByPercentage;870,56;115,86;Alpha3
N10;59;TimeDecoderWithVehicleByPercentage;865,04;115,86;Alpha3
N10;59;TimeDecoderWithVehicleByPercentage;887,01;121,72;Alpha3
N10;59;TimeDecoderWithVehicleByPercentage;900,07;115,86;Alpha3
N10;59;TimeDecoderWithVehicleByPercentage;915,84;115,86;Alpha3
N10;59;TimeDecoderWithVehicleByPercentage;923,79;115,86;Alpha3
N10;59;TimeDecoderWithVehicleByPercentage;902,18;115,86;Alpha3
N10;60;PositionalDecoderWithVehicleByPercentage;859,22;164,92;Alpha3
N10;60;PositionalDecoderWithVehicleByPercentage;890,27;164,92;Alpha3
N10;60;PositionalDecoderWithVehicleByPercentage;885,69;164,92;Alpha3
N10;60;PositionalDecoderWithVehicleByPercentage;905,91;164,92;Alpha3
N10;60;PositionalDecoderWithVehicleByPercentage;917,66;164,92;Alpha3
N10;60;PositionalDecoderWithVehicleByPercentage;902,52;164,92;Alpha3
N10;60;PositionalDecoderWithVehicleByPercentage;896,81;164,92;Alpha3
N10;60;PositionalDecoderWithVehicleByPercentage;871,23;164,92;Alpha3
N10;60;PositionalDecoderWithVehicleByPercentage;922,75;164,92;Alpha3
N10;60;PositionalDecoderWithVehicleByPercentage;862,29;164,92;Alpha3
N10;60;TimeDecoderWithVehicleByPercentage;882,23;164,92;Alpha3
N10;60;TimeDecoderWithVehicleByPercentage;914,56;164,92;Alpha3
N10;60;TimeDecoderWithVehicleByPercentage;889,30;164,92;Alpha3
N10;60;TimeDecoderWithVehicleByPercentage;862,29;164,92;Alpha3
N10;60;TimeDecoderWithVehicleByPercentage;865,07;164,92;Alpha3
N10;60;TimeDecoderWithVehicleByPercentage;884,97;164,92;Alpha3
N10;60;TimeDecoderWithVehicleByPercentage;861,89;164,92;Alpha3
N10;60;TimeDecoderWithVehicleByPercentage;900,91;164,92;Alpha3
N10;60;TimeDecoderWithVehicleByPercentage;896,31;164,92;Alpha3
N10;60;TimeDecoderWithVehicleByPercentage;896,31;164,92;Alpha3
N20;66;PositionalDecoderWithVehicleByPercentage;1487,71;287,35;Alpha3
N20;66;PositionalDecoderWithVehicleByPercentage;1673,42;278,08;Alpha3
N20;66;PositionalDecoderWithVehicleByPercentage;1537,86;255,84;Alpha3
N20;66;PositionalDecoderWithVehicleByPercentage;1595,36;300,31;Alpha3
N20;66;PositionalDecoderWithVehicleByPercentage;1416,14;247,73;Alpha3
N20;66;PositionalDecoderWithVehicleByPercentage;1540,40;287,85;Alpha3
N20;66;PositionalDecoderWithVehicleByPercentage;1708,02;277,90;Alpha3
N20;66;PositionalDecoderWithVehicleByPercentage;1582,76;316,75;Alpha3
N20;66;PositionalDecoderWithVehicleByPercentage;1641,05;278,25;Alpha3
N20;66;PositionalDecoderWithVehicleByPercentage;1444,42;250,75;Alpha3
N20;66;TimeDecoderWithVehicleByPercentage;1414,93;293,25;Alpha3
N20;66;TimeDecoderWithVehicleByPercentage;1572,21;245,88;Alpha3
N20;66;TimeDecoderWithVehicleByPercentage;1403,45;327,85;Alpha3
N20;66;TimeDecoderWithVehicleByPercentage;1645,90;282,44;Alpha3
N20;66;TimeDecoderWithVehicleByPercentage;945,75;262,97;Alpha3
N20;66;TimeDecoderWithVehicleByPercentage;1740,07;341,63;Alpha3
N20;66;TimeDecoderWithVehicleByPercentage;1509,71;292,29;Alpha3
N20;66;TimeDecoderWithVehicleByPercentage;1419,32;287,37;Alpha3
N20;66;TimeDecoderWithVehicleByPercentage;1532,17;314,61;Alpha3
N20;66;TimeDecoderWithVehicleByPercentage;1588,84;351,03;Alpha3
N20;67;PositionalDecoderWithVehicleByPercentage;1306,68;347,61;Alpha3
N20;67;PositionalDecoderWithVehicleByPercentage;1418,54;274,32;Alpha3
N20;67;PositionalDecoderWithVehicleByPercentage;1382,02;289,84;Alpha3
N20;67;PositionalDecoderWithVehicleByPercentage;1397,38;317,18;Alpha3
N20;67;PositionalDecoderWithVehicleByPercentage;1384,37;327,27;Alpha3
N20;67;PositionalDecoderWithVehicleByPercentage;1467,54;282,55;Alpha3
N20;67;PositionalDecoderWithVehicleByPercentage;1373,45;341,63;Alpha3
N20;67;PositionalDecoderWithVehicleByPercentage;1525,11;313,63;Alpha3
N20;67;PositionalDecoderWithVehicleByPercentage;1418,11;250,27;Alpha3
N20;67;PositionalDecoderWithVehicleByPercentage;1404,81;306,82;Alpha3
N20;67;TimeDecoderWithVehicleByPercentage;1327,06;309,64;Alpha3
N20;67;TimeDecoderWithVehicleByPercentage;1397,87;266,40;Alpha3
N20;67;TimeDecoderWithVehicleByPercentage;1480,83;274,21;Alpha3
N20;67;TimeDecoderWithVehicleByPercentage;1418,72;290,31;Alpha3
N20;67;TimeDecoderWithVehicleByPercentage;1428,86;275,87;Alpha3
N20;67;TimeDecoderWithVehicleByPercentage;1395,75;249,75;Alpha3
N20;67;TimeDecoderWithVehicleByPercentage;1271,66;323,30;Alpha3
N20;67;TimeDecoderWithVehicleByPercentage;1241,58;310,41;Alpha3
N20;67;TimeDecoderWithVehicleByPercentage;1224,63;288,50;Alpha3
N20;67;TimeDecoderWithVehicleByPercentage;1314,45;299,72;Alpha3
N20;68;PositionalDecoderWithVehicleByPercentage;1391,78;327,66;Alpha3
N20;68;PositionalDecoderWithVehicleByPercentage;1549,58;263,00;Alpha3
N20;68;PositionalDecoderWithVehicleByPercentage;1580,80;285,80;Alpha3
N20;68;PositionalDecoderWithVehicleByPercentage;1447,43;321,15;Alpha3
N20;68;PositionalDecoderWithVehicleByPercentage;1451,06;300,27;Alpha3
N20;68;PositionalDecoderWithVehicleByPercentage;1527,78;272,52;Alpha3
N20;68;PositionalDecoderWithVehicleByPercentage;1654,34;342,92;Alpha3
N20;68;PositionalDecoderWithVehicleByPercentage;1362,80;339,12;Alpha3
N20;68;PositionalDecoderWithVehicleByPercentage;1588,29;308,20;Alpha3
N20;68;PositionalDecoderWithVehicleByPercentage;1543,80;309,62;Alpha3
N20;68;TimeDecoderWithVehicleByPercentage;1466,09;302,76;Alpha3
N20;68;TimeDecoderWithVehicleByPercentage;1479,99;326,71;Alpha3
N20;68;TimeDecoderWithVehicleByPercentage;1623,39;314,74;Alpha3
N20;68;TimeDecoderWithVehicleByPercentage;1348,42;290,68;Alpha3
N20;68;TimeDecoderWithVehicleByPercentage;1413,09;358,38;Alpha3
N20;68;TimeDecoderWithVehicleByPercentage;1649,55;315,39;Alpha3
N20;68;TimeDecoderWithVehicleByPercentage;1375,52;320,11;Alpha3
N20;68;TimeDecoderWithVehicleByPercentage;1502,06;276,59;Alpha3
N20;68;TimeDecoderWithVehicleByPercentage;1445,35;355,56;Alpha3
N20;68;TimeDecoderWithVehicleByPercentage;1649,21;316,88;Alpha3
N20;70;PositionalDecoderWithVehicleByPercentage;1360,00;262,01;Alpha3
N20;70;PositionalDecoderWithVehicleByPercentage;1307,27;256,91;Alpha3
N20;70;PositionalDecoderWithVehicleByPercentage;1553,35;303,90;Alpha3
N20;70;PositionalDecoderWithVehicleByPercentage;1301,58;293,80;Alpha3
N20;70;PositionalDecoderWithVehicleByPercentage;1212,22;273,86;Alpha3
N20;70;PositionalDecoderWithVehicleByPercentage;1212,26;281,78;Alpha3
N20;70;PositionalDecoderWithVehicleByPercentage;1218,19;244,17;Alpha3
N20;70;PositionalDecoderWithVehicleByPercentage;1455,41;287,32;Alpha3
N20;70;PositionalDecoderWithVehicleByPercentage;1258,54;280,96;Alpha3
N20;70;PositionalDecoderWithVehicleByPercentage;1372,20;278,26;Alpha3
N20;70;TimeDecoderWithVehicleByPercentage;1259,40;291,52;Alpha3
N20;70;TimeDecoderWithVehicleByPercentage;1158,57;276,38;Alpha3
N20;70;TimeDecoderWithVehicleByPercentage;1304,00;220,63;Alpha3
N20;70;TimeDecoderWithVehicleByPercentage;1427,78;238,36;Alpha3
N20;70;TimeDecoderWithVehicleByPercentage;1423,74;243,75;Alpha3
N20;70;TimeDecoderWithVehicleByPercentage;1255,13;261,67;Alpha3
N20;70;TimeDecoderWithVehicleByPercentage;1454,96;309,12;Alpha3
N20;70;TimeDecoderWithVehicleByPercentage;1408,88;273,27;Alpha3
N20;70;TimeDecoderWithVehicleByPercentage;1393,27;282,48;Alpha3
N20;70;TimeDecoderWithVehicleByPercentage;1150,82;274,91;Alpha3
N20;61;PositionalDecoderWithVehicleByPercentage;1164,52;204,43;Alpha3
N20;61;PositionalDecoderWithVehicleByPercentage;1139,89;230,62;Alpha3
N20;61;PositionalDecoderWithVehicleByPercentage;1093,96;167,68;Alpha3
N20;61;PositionalDecoderWithVehicleByPercentage;1007,08;265,96;Alpha3
N20;61;PositionalDecoderWithVehicleByPercentage;1182,37;237,18;Alpha3
N20;61;PositionalDecoderWithVehicleByPercentage;1116,13;187,29;Alpha3
N20;61;PositionalDecoderWithVehicleByPercentage;1184,64;175,31;Alpha3
N20;61;PositionalDecoderWithVehicleByPercentage;1130,04;267,86;Alpha3
N20;61;PositionalDecoderWithVehicleByPercentage;1153,55;295,19;Alpha3
N20;61;PositionalDecoderWithVehicleByPercentage;1156,86;242,35;Alpha3
N20;61;TimeDecoderWithVehicleByPercentage;1214,73;205,98;Alpha3
N20;61;TimeDecoderWithVehicleByPercentage;1195,71;203,09;Alpha3
N20;61;TimeDecoderWithVehicleByPercentage;1005,64;212,87;Alpha3
N20;61;TimeDecoderWithVehicleByPercentage;1177,43;216,63;Alpha3
N20;61;TimeDecoderWithVehicleByPercentage;1139,88;236,54;Alpha3
N20;61;TimeDecoderWithVehicleByPercentage;1083,34;213,21;Alpha3
N20;61;TimeDecoderWithVehicleByPercentage;1081,23;229,49;Alpha3
N20;61;TimeDecoderWithVehicleByPercentage;1224,54;227,12;Alpha3
N20;61;TimeDecoderWithVehicleByPercentage;1095,74;177,60;Alpha3
N20;61;TimeDecoderWithVehicleByPercentage;1214,14;251,60;Alpha3
N20;62;PositionalDecoderWithVehicleByPercentage;1362,63;258,04;Alpha3
N20;62;PositionalDecoderWithVehicleByPercentage;1199,36;284,89;Alpha3
N20;62;PositionalDecoderWithVehicleByPercentage;1548,91;284,88;Alpha3
N20;62;PositionalDecoderWithVehicleByPercentage;1350,57;252,30;Alpha3
N20;62;PositionalDecoderWithVehicleByPercentage;1430,55;237,84;Alpha3
N20;62;PositionalDecoderWithVehicleByPercentage;1244,38;277,41;Alpha3
N20;62;PositionalDecoderWithVehicleByPercentage;1476,41;234,80;Alpha3
N20;62;PositionalDecoderWithVehicleByPercentage;1429,96;307,30;Alpha3
N20;62;PositionalDecoderWithVehicleByPercentage;1430,69;292,71;Alpha3
N20;62;PositionalDecoderWithVehicleByPercentage;1316,18;264,84;Alpha3
N20;62;TimeDecoderWithVehicleByPercentage;1295,75;248,13;Alpha3
N20;62;TimeDecoderWithVehicleByPercentage;1318,23;292,58;Alpha3
N20;62;TimeDecoderWithVehicleByPercentage;1535,66;262,22;Alpha3
N20;62;TimeDecoderWithVehicleByPercentage;1272,34;253,23;Alpha3
N20;62;TimeDecoderWithVehicleByPercentage;1364,97;295,07;Alpha3
N20;62;TimeDecoderWithVehicleByPercentage;1400,51;266,84;Alpha3
N20;62;TimeDecoderWithVehicleByPercentage;1286,12;300,85;Alpha3
N20;62;TimeDecoderWithVehicleByPercentage;1515,43;290,01;Alpha3
N20;62;TimeDecoderWithVehicleByPercentage;1362,23;307,08;Alpha3
N20;62;TimeDecoderWithVehicleByPercentage;1449,45;285,27;Alpha3
N20;65;PositionalDecoderWithVehicleByPercentage;1588,81;351,45;Alpha3
N20;65;PositionalDecoderWithVehicleByPercentage;1416,84;308,95;Alpha3
N20;65;PositionalDecoderWithVehicleByPercentage;1312,00;257,37;Alpha3
N20;65;PositionalDecoderWithVehicleByPercentage;1433,68;322,83;Alpha3
N20;65;PositionalDecoderWithVehicleByPercentage;1473,21;346,60;Alpha3
N20;65;PositionalDecoderWithVehicleByPercentage;1314,78;322,52;Alpha3
N20;65;PositionalDecoderWithVehicleByPercentage;1150,14;283,12;Alpha3
N20;65;PositionalDecoderWithVehicleByPercentage;1286,59;332,05;Alpha3
N20;65;PositionalDecoderWithVehicleByPercentage;1261,93;318,89;Alpha3
N20;65;PositionalDecoderWithVehicleByPercentage;1317,38;295,86;Alpha3
N20;65;TimeDecoderWithVehicleByPercentage;1556,90;311,93;Alpha3
N20;65;TimeDecoderWithVehicleByPercentage;1240,53;325,31;Alpha3
N20;65;TimeDecoderWithVehicleByPercentage;1436,30;339,11;Alpha3
N20;65;TimeDecoderWithVehicleByPercentage;1463,39;294,21;Alpha3
N20;65;TimeDecoderWithVehicleByPercentage;1321,93;298,49;Alpha3
N20;65;TimeDecoderWithVehicleByPercentage;1202,68;297,98;Alpha3
N20;65;TimeDecoderWithVehicleByPercentage;1462,10;288,81;Alpha3
N20;65;TimeDecoderWithVehicleByPercentage;1422,02;268,84;Alpha3
N20;65;TimeDecoderWithVehicleByPercentage;1412,88;317,94;Alpha3
N20;65;TimeDecoderWithVehicleByPercentage;1281,00;295,63;Alpha3
N20;63;PositionalDecoderWithVehicleByPercentage;1434,35;263,46;Alpha3
N20;63;PositionalDecoderWithVehicleByPercentage;1470,49;288,26;Alpha3
N20;63;PositionalDecoderWithVehicleByPercentage;1406,15;325,71;Alpha3
N20;63;PositionalDecoderWithVehicleByPercentage;1568,44;272,44;Alpha3
N20;63;PositionalDecoderWithVehicleByPercentage;1189,93;313,21;Alpha3
N20;63;PositionalDecoderWithVehicleByPercentage;1502,08;282,92;Alpha3
N20;63;PositionalDecoderWithVehicleByPercentage;1538,94;292,44;Alpha3
N20;63;PositionalDecoderWithVehicleByPercentage;1334,47;264,23;Alpha3
N20;63;PositionalDecoderWithVehicleByPercentage;1376,80;288,98;Alpha3
N20;63;PositionalDecoderWithVehicleByPercentage;1316,66;273,08;Alpha3
N20;63;TimeDecoderWithVehicleByPercentage;1250,11;295,85;Alpha3
N20;63;TimeDecoderWithVehicleByPercentage;1403,55;302,32;Alpha3
N20;63;TimeDecoderWithVehicleByPercentage;1415,28;260,69;Alpha3
N20;63;TimeDecoderWithVehicleByPercentage;1135,45;265,30;Alpha3
N20;63;TimeDecoderWithVehicleByPercentage;1244,09;298,16;Alpha3
N20;63;TimeDecoderWithVehicleByPercentage;1270,18;291,42;Alpha3
N20;63;TimeDecoderWithVehicleByPercentage;1372,99;336,76;Alpha3
N20;63;TimeDecoderWithVehicleByPercentage;1398,10;361,46;Alpha3
N20;63;TimeDecoderWithVehicleByPercentage;1442,64;269,22;Alpha3
N20;63;TimeDecoderWithVehicleByPercentage;1256,46;292,92;Alpha3
N20;64;PositionalDecoderWithVehicleByPercentage;1239,65;243,45;Alpha3
N20;64;PositionalDecoderWithVehicleByPercentage;1188,15;231,10;Alpha3
N20;64;PositionalDecoderWithVehicleByPercentage;1105,87;234,96;Alpha3
N20;64;PositionalDecoderWithVehicleByPercentage;1130,09;229,98;Alpha3
N20;64;PositionalDecoderWithVehicleByPercentage;1173,46;243,06;Alpha3
N20;64;PositionalDecoderWithVehicleByPercentage;1084,37;236,33;Alpha3
N20;64;PositionalDecoderWithVehicleByPercentage;1235,68;224,43;Alpha3
N20;64;PositionalDecoderWithVehicleByPercentage;1258,11;252,64;Alpha3
N20;64;PositionalDecoderWithVehicleByPercentage;1200,06;255,85;Alpha3
N20;64;PositionalDecoderWithVehicleByPercentage;1285,39;240,56;Alpha3
N20;64;TimeDecoderWithVehicleByPercentage;1203,89;218,89;Alpha3
N20;64;TimeDecoderWithVehicleByPercentage;1253,58;215,15;Alpha3
N20;64;TimeDecoderWithVehicleByPercentage;1382,92;227,42;Alpha3
N20;64;TimeDecoderWithVehicleByPercentage;1320,08;158,70;Alpha3
N20;64;TimeDecoderWithVehicleByPercentage;1249,49;202,37;Alpha3
N20;64;TimeDecoderWithVehicleByPercentage;1237,21;241,00;Alpha3
N20;64;TimeDecoderWithVehicleByPercentage;1326,36;225,52;Alpha3
N20;64;TimeDecoderWithVehicleByPercentage;1147,20;201,89;Alpha3
N20;64;TimeDecoderWithVehicleByPercentage;1326,60;187,09;Alpha3
N20;64;TimeDecoderWithVehicleByPercentage;1313,68;186,16;Alpha3
N20;69;PositionalDecoderWithVehicleByPercentage;1585,39;276,80;Alpha3
N20;69;PositionalDecoderWithVehicleByPercentage;1575,59;220,14;Alpha3
N20;69;PositionalDecoderWithVehicleByPercentage;1510,79;290,57;Alpha3
N20;69;PositionalDecoderWithVehicleByPercentage;1479,66;281,66;Alpha3
N20;69;PositionalDecoderWithVehicleByPercentage;1315,04;295,28;Alpha3
N20;69;PositionalDecoderWithVehicleByPercentage;1424,28;255,91;Alpha3
N20;69;PositionalDecoderWithVehicleByPercentage;1263,75;278,76;Alpha3
N20;69;PositionalDecoderWithVehicleByPercentage;1393,10;228,00;Alpha3
N20;69;PositionalDecoderWithVehicleByPercentage;1327,68;241,64;Alpha3
N20;69;PositionalDecoderWithVehicleByPercentage;1487,94;299,87;Alpha3
N20;69;TimeDecoderWithVehicleByPercentage;1495,15;268,98;Alpha3
N20;69;TimeDecoderWithVehicleByPercentage;1251,12;316,72;Alpha3
N20;69;TimeDecoderWithVehicleByPercentage;1440,77;292,16;Alpha3
N20;69;TimeDecoderWithVehicleByPercentage;1381,07;240,74;Alpha3
N20;69;TimeDecoderWithVehicleByPercentage;1424,63;258,57;Alpha3
N20;69;TimeDecoderWithVehicleByPercentage;1297,75;262,82;Alpha3
N20;69;TimeDecoderWithVehicleByPercentage;1439,66;235,56;Alpha3
N20;69;TimeDecoderWithVehicleByPercentage;1520,60;291,64;Alpha3
N20;69;TimeDecoderWithVehicleByPercentage;1447,62;256,62;Alpha3
N20;69;TimeDecoderWithVehicleByPercentage;1499,08;228,85;Alpha3
N50;79;PositionalDecoderWithVehicleByPercentage;3249,80;690,38;Alpha3
N50;79;PositionalDecoderWithVehicleByPercentage;3225,39;799,69;Alpha3
N50;79;PositionalDecoderWithVehicleByPercentage;2845,48;658,69;Alpha3
N50;79;PositionalDecoderWithVehicleByPercentage;3296,74;775,80;Alpha3
N50;79;PositionalDecoderWithVehicleByPercentage;3002,75;743,38;Alpha3
N50;79;PositionalDecoderWithVehicleByPercentage;3467,80;792,97;Alpha3
N50;79;PositionalDecoderWithVehicleByPercentage;3484,18;770,08;Alpha3
N50;79;PositionalDecoderWithVehicleByPercentage;2832,05;732,55;Alpha3
N50;79;PositionalDecoderWithVehicleByPercentage;3004,23;685,89;Alpha3
N50;79;TimeDecoderWithVehicleByPercentage;3345,98;689,29;Alpha3
N50;79;TimeDecoderWithVehicleByPercentage;3122,81;827,16;Alpha3
N50;79;TimeDecoderWithVehicleByPercentage;3339,43;751,78;Alpha3
N50;79;TimeDecoderWithVehicleByPercentage;3052,77;750,99;Alpha3
N50;79;TimeDecoderWithVehicleByPercentage;3069,83;748,06;Alpha3
N50;79;TimeDecoderWithVehicleByPercentage;3143,44;701,75;Alpha3
N50;79;TimeDecoderWithVehicleByPercentage;3130,94;641,35;Alpha3
N50;79;TimeDecoderWithVehicleByPercentage;2936,14;680,95;Alpha3
N50;75;PositionalDecoderWithVehicleByPercentage;3100,69;679,67;Alpha3
N50;75;PositionalDecoderWithVehicleByPercentage;3235,38;763,47;Alpha3
N50;75;PositionalDecoderWithVehicleByPercentage;3352,87;784,76;Alpha3
N50;75;PositionalDecoderWithVehicleByPercentage;3504,35;797,28;Alpha3
N50;75;PositionalDecoderWithVehicleByPercentage;3504,48;794,87;Alpha3
N50;75;PositionalDecoderWithVehicleByPercentage;3340,07;770,28;Alpha3
N50;75;PositionalDecoderWithVehicleByPercentage;3292,09;819,75;Alpha3
N50;75;PositionalDecoderWithVehicleByPercentage;3520,85;692,84;Alpha3
N50;75;PositionalDecoderWithVehicleByPercentage;3297,99;814,28;Alpha3
N50;75;TimeDecoderWithVehicleByPercentage;3254,25;1089,30;Alpha3
N50;75;TimeDecoderWithVehicleByPercentage;2912,54;725,70;Alpha3
N50;75;TimeDecoderWithVehicleByPercentage;3263,84;897,83;Alpha3
N50;75;TimeDecoderWithVehicleByPercentage;3336,07;718,01;Alpha3
N50;75;TimeDecoderWithVehicleByPercentage;3106,15;775,00;Alpha3
N50;75;TimeDecoderWithVehicleByPercentage;3347,26;702,55;Alpha3
N50;75;TimeDecoderWithVehicleByPercentage;3337,49;837,77;Alpha3
N50;75;TimeDecoderWithVehicleByPercentage;3652,90;825,41;Alpha3
N50;77;PositionalDecoderWithVehicleByPercentage;3444,38;845,02;Alpha3
N50;77;PositionalDecoderWithVehicleByPercentage;3654,03;740,00;Alpha3
N50;77;PositionalDecoderWithVehicleByPercentage;3463,55;610,80;Alpha3
N50;77;PositionalDecoderWithVehicleByPercentage;3393,35;742,23;Alpha3
N50;77;PositionalDecoderWithVehicleByPercentage;3026,17;651,47;Alpha3
N50;77;PositionalDecoderWithVehicleByPercentage;3707,47;888,01;Alpha3
N50;77;PositionalDecoderWithVehicleByPercentage;3352,24;647,52;Alpha3
N50;77;PositionalDecoderWithVehicleByPercentage;3584,45;719,43;Alpha3
N50;77;PositionalDecoderWithVehicleByPercentage;3695,30;848,54;Alpha3
N50;77;PositionalDecoderWithVehicleByPercentage;3524,13;784,21;Alpha3
N50;77;TimeDecoderWithVehicleByPercentage;3551,46;999,01;Alpha3
N50;77;TimeDecoderWithVehicleByPercentage;3578,86;769,50;Alpha3
N50;77;TimeDecoderWithVehicleByPercentage;3567,25;760,42;Alpha3
N50;77;TimeDecoderWithVehicleByPercentage;3257,01;701,40;Alpha3
N50;77;TimeDecoderWithVehicleByPercentage;3797,88;934,66;Alpha3
N50;77;TimeDecoderWithVehicleByPercentage;3415,26;643,23;Alpha3
N50;77;TimeDecoderWithVehicleByPercentage;3324,23;767,62;Alpha3
N50;77;TimeDecoderWithVehicleByPercentage;3612,52;773,62;Alpha3
N50;77;TimeDecoderWithVehicleByPercentage;3040,13;734,54;Alpha3
N50;73;PositionalDecoderWithVehicleByPercentage;3523,78;741,33;Alpha3
N50;73;PositionalDecoderWithVehicleByPercentage;3757,17;811,74;Alpha3
N50;73;PositionalDecoderWithVehicleByPercentage;3327,42;752,44;Alpha3
N50;73;PositionalDecoderWithVehicleByPercentage;3656,78;688,88;Alpha3
N50;73;PositionalDecoderWithVehicleByPercentage;3680,86;853,43;Alpha3
N50;73;PositionalDecoderWithVehicleByPercentage;3830,93;1096,73;Alpha3
N50;73;PositionalDecoderWithVehicleByPercentage;3593,96;736,94;Alpha3
N50;73;PositionalDecoderWithVehicleByPercentage;3406,69;753,58;Alpha3
N50;73;PositionalDecoderWithVehicleByPercentage;3920,39;896,64;Alpha3
N50;73;PositionalDecoderWithVehicleByPercentage;3380,00;803,59;Alpha3
N50;73;TimeDecoderWithVehicleByPercentage;3396,71;813,48;Alpha3
N50;73;TimeDecoderWithVehicleByPercentage;3223,98;1584,75;Alpha3
N50;73;TimeDecoderWithVehicleByPercentage;3305,46;813,55;Alpha3
N50;73;TimeDecoderWithVehicleByPercentage;3853,30;933,75;Alpha3
N50;73;TimeDecoderWithVehicleByPercentage;3362,18;704,56;Alpha3
N50;73;TimeDecoderWithVehicleByPercentage;3638,43;668,30;Alpha3
N50;73;TimeDecoderWithVehicleByPercentage;3464,42;952,84;Alpha3
N50;73;TimeDecoderWithVehicleByPercentage;3975,15;1223,33;Alpha3
N50;73;TimeDecoderWithVehicleByPercentage;3308,39;785,31;Alpha3
N50;74;PositionalDecoderWithVehicleByPercentage;3337,41;737,11;Alpha3
N50;74;PositionalDecoderWithVehicleByPercentage;3219,85;852,44;Alpha3
N50;74;PositionalDecoderWithVehicleByPercentage;3524,75;828,28;Alpha3
N50;74;PositionalDecoderWithVehicleByPercentage;3367,28;709,94;Alpha3
N50;74;PositionalDecoderWithVehicleByPercentage;3487,61;831,50;Alpha3
N50;74;PositionalDecoderWithVehicleByPercentage;3366,55;760,31;Alpha3
N50;74;TimeDecoderWithVehicleByPercentage;3427,85;630,11;Alpha3
N50;74;TimeDecoderWithVehicleByPercentage;3411,37;678,51;Alpha3
N50;74;TimeDecoderWithVehicleByPercentage;3199,97;584,34;Alpha3
N50;74;TimeDecoderWithVehicleByPercentage;3036,05;636,72;Alpha3
N50;74;TimeDecoderWithVehicleByPercentage;3756,66;752,81;Alpha3
N50;74;TimeDecoderWithVehicleByPercentage;3502,50;635,80;Alpha3
N50;74;TimeDecoderWithVehicleByPercentage;3330,69;651,35;Alpha3
N50;74;TimeDecoderWithVehicleByPercentage;3358,30;796,65;Alpha3
N50;76;PositionalDecoderWithVehicleByPercentage;3107,78;634,17;Alpha3
N50;76;PositionalDecoderWithVehicleByPercentage;3172,01;884,33;Alpha3
N50;76;PositionalDecoderWithVehicleByPercentage;3348,76;701,58;Alpha3
N50;76;PositionalDecoderWithVehicleByPercentage;3481,01;674,58;Alpha3
N50;76;PositionalDecoderWithVehicleByPercentage;2867,12;723,78;Alpha3
N50;76;PositionalDecoderWithVehicleByPercentage;3505,94;679,00;Alpha3
N50;76;PositionalDecoderWithVehicleByPercentage;3467,05;914,94;Alpha3
N50;76;PositionalDecoderWithVehicleByPercentage;2728,33;661,09;Alpha3
N50;76;TimeDecoderWithVehicleByPercentage;2807,78;632,79;Alpha3
N50;76;TimeDecoderWithVehicleByPercentage;2950,44;760,60;Alpha3
N50;76;TimeDecoderWithVehicleByPercentage;2896,90;818,68;Alpha3
N50;76;TimeDecoderWithVehicleByPercentage;3308,92;712,01;Alpha3
N50;76;TimeDecoderWithVehicleByPercentage;3400,21;850,39;Alpha3
N50;76;TimeDecoderWithVehicleByPercentage;3444,58;726,50;Alpha3
N50;76;TimeDecoderWithVehicleByPercentage;3626,14;846,61;Alpha3
N50;76;TimeDecoderWithVehicleByPercentage;3429,98;731,15;Alpha3
N50;76;TimeDecoderWithVehicleByPercentage;3243,89;642,80;Alpha3
N50;78;PositionalDecoderWithVehicleByPercentage;3797,34;816,17;Alpha3
N50;78;PositionalDecoderWithVehicleByPercentage;3572,75;640,46;Alpha3
N50;78;PositionalDecoderWithVehicleByPercentage;3532,77;852,58;Alpha3
N50;78;PositionalDecoderWithVehicleByPercentage;3652,30;817,87;Alpha3
N50;78;PositionalDecoderWithVehicleByPercentage;3497,78;849,43;Alpha3
N50;78;PositionalDecoderWithVehicleByPercentage;3680,96;713,58;Alpha3
N50;78;PositionalDecoderWithVehicleByPercentage;3865,29;792,67;Alpha3
N50;78;PositionalDecoderWithVehicleByPercentage;3626,38;922,65;Alpha3
N50;78;TimeDecoderWithVehicleByPercentage;3372,11;717,93;Alpha3
N50;78;TimeDecoderWithVehicleByPercentage;3590,17;888,76;Alpha3
N50;78;TimeDecoderWithVehicleByPercentage;3528,19;664,60;Alpha3
N50;78;TimeDecoderWithVehicleByPercentage;3657,74;703,22;Alpha3
N50;78;TimeDecoderWithVehicleByPercentage;3617,05;845,49;Alpha3
N50;78;TimeDecoderWithVehicleByPercentage;3696,07;707,10;Alpha3
N50;78;TimeDecoderWithVehicleByPercentage;3414,30;749,26;Alpha3
N50;78;TimeDecoderWithVehicleByPercentage;3525,15;810,71;Alpha3
N50;78;TimeDecoderWithVehicleByPercentage;3339,38;686,40;Alpha3
N50;78;TimeDecoderWithVehicleByPercentage;3866,76;839,82;Alpha3
N50;80;PositionalDecoderWithVehicleByPercentage;3437,95;757,60;Alpha3
N50;80;PositionalDecoderWithVehicleByPercentage;3034,14;728,54;Alpha3
N50;80;PositionalDecoderWithVehicleByPercentage;2887,13;642,83;Alpha3
N50;80;PositionalDecoderWithVehicleByPercentage;3303,95;721,49;Alpha3
N50;80;PositionalDecoderWithVehicleByPercentage;3454,46;919,48;Alpha3
N50;80;PositionalDecoderWithVehicleByPercentage;3096,77;706,87;Alpha3
N50;80;PositionalDecoderWithVehicleByPercentage;3352,58;652,78;Alpha3
N50;80;PositionalDecoderWithVehicleByPercentage;3460,24;690,75;Alpha3
N50;80;PositionalDecoderWithVehicleByPercentage;3435,21;735,72;Alpha3
N50;80;TimeDecoderWithVehicleByPercentage;2866,16;775,36;Alpha3
N50;80;TimeDecoderWithVehicleByPercentage;3246,02;795,16;Alpha3
N50;80;TimeDecoderWithVehicleByPercentage;3328,33;822,37;Alpha3
N50;80;TimeDecoderWithVehicleByPercentage;3023,74;794,94;Alpha3
N50;80;TimeDecoderWithVehicleByPercentage;3368,35;650,19;Alpha3
N50;80;TimeDecoderWithVehicleByPercentage;3558,27;834,43;Alpha3
N50;80;TimeDecoderWithVehicleByPercentage;3226,29;673,54;Alpha3
N50;80;TimeDecoderWithVehicleByPercentage;3777,00;849,02;Alpha3
N50;71;PositionalDecoderWithVehicleByPercentage;3513,59;840,93;Alpha3
N50;71;PositionalDecoderWithVehicleByPercentage;2921,50;712,43;Alpha3
N50;71;PositionalDecoderWithVehicleByPercentage;3536,79;794,11;Alpha3
N50;71;PositionalDecoderWithVehicleByPercentage;3705,54;658,20;Alpha3
N50;71;PositionalDecoderWithVehicleByPercentage;3236,96;704,89;Alpha3
N50;71;PositionalDecoderWithVehicleByPercentage;3104,68;676,69;Alpha3
N50;71;PositionalDecoderWithVehicleByPercentage;2973,91;754,53;Alpha3
N50;71;TimeDecoderWithVehicleByPercentage;3241,02;736,64;Alpha3
N50;71;TimeDecoderWithVehicleByPercentage;3601,16;830,38;Alpha3
N50;71;TimeDecoderWithVehicleByPercentage;3471,41;745,61;Alpha3
N50;71;TimeDecoderWithVehicleByPercentage;3626,10;841,20;Alpha3
N50;71;TimeDecoderWithVehicleByPercentage;3406,01;699,44;Alpha3
N50;71;TimeDecoderWithVehicleByPercentage;3348,70;747,74;Alpha3
N50;71;TimeDecoderWithVehicleByPercentage;2923,74;827,52;Alpha3
N50;72;PositionalDecoderWithVehicleByPercentage;3504,70;773,77;Alpha3
N50;72;PositionalDecoderWithVehicleByPercentage;3687,98;749,40;Alpha3
N50;72;PositionalDecoderWithVehicleByPercentage;3376,82;757,19;Alpha3
N50;72;PositionalDecoderWithVehicleByPercentage;3365,81;829,95;Alpha3
N50;72;PositionalDecoderWithVehicleByPercentage;3682,67;747,74;Alpha3
N50;72;PositionalDecoderWithVehicleByPercentage;3349,43;719,18;Alpha3
N50;72;PositionalDecoderWithVehicleByPercentage;3677,68;698,33;Alpha3
N50;72;PositionalDecoderWithVehicleByPercentage;3479,56;787,25;Alpha3
N50;72;PositionalDecoderWithVehicleByPercentage;3226,03;798,29;Alpha3
N50;72;TimeDecoderWithVehicleByPercentage;3512,25;860,92;Alpha3
N50;72;TimeDecoderWithVehicleByPercentage;3371,51;895,56;Alpha3
N50;72;TimeDecoderWithVehicleByPercentage;3750,11;890,17;Alpha3
N50;72;TimeDecoderWithVehicleByPercentage;3122,99;725,03;Alpha3
N50;72;TimeDecoderWithVehicleByPercentage;3674,04;928,82;Alpha3
N50;72;TimeDecoderWithVehicleByPercentage;3197,40;602,95;Alpha3
N50;72;TimeDecoderWithVehicleByPercentage;3622,82;759,53;Alpha3
N75;81;TimeDecoderWithVehicleByPercentage;4748,93;1768,67;Alpha3
N75;84;PositionalDecoderWithVehicleByPercentage;5575,46;1597,16;Alpha3

