N;Instance;Decoder;Time Spent;Alpha
N010;51;PositionalDecoderWithVehicleByPercentage;301,18;Alpha1
N010;51;PositionalDecoderWithVehicleByPercentage;301,18;Alpha1
N010;51;PositionalDecoderWithVehicleByPercentage;301,18;Alpha1
N010;51;PositionalDecoderWithVehicleByPercentage;301,18;Alpha1
N010;51;PositionalDecoderWithVehicleByPercentage;301,18;Alpha1
N010;51;TimeDecoderWithVehicleByPercentage;287,55;Alpha1
N010;51;TimeDecoderWithVehicleByPercentage;295,51;Alpha1
N010;51;TimeDecoderWithVehicleByPercentage;296,12;Alpha1
N010;51;TimeDecoderWithVehicleByPercentage;294,71;Alpha1
N010;51;TimeDecoderWithVehicleByPercentage;286,39;Alpha1
N010;54;PositionalDecoderWithVehicleByPercentage;311,09;Alpha1
N010;54;PositionalDecoderWithVehicleByPercentage;311,09;Alpha1
N010;54;PositionalDecoderWithVehicleByPercentage;311,09;Alpha1
N010;54;PositionalDecoderWithVehicleByPercentage;311,09;Alpha1
N010;54;PositionalDecoderWithVehicleByPercentage;311,09;Alpha1
N010;54;TimeDecoderWithVehicleByPercentage;275,78;Alpha1
N010;54;TimeDecoderWithVehicleByPercentage;292,28;Alpha1
N010;54;TimeDecoderWithVehicleByPercentage;273,14;Alpha1
N010;54;TimeDecoderWithVehicleByPercentage;288,95;Alpha1
N010;54;TimeDecoderWithVehicleByPercentage;274,97;Alpha1
N010;55;PositionalDecoderWithVehicleByPercentage;338,06;Alpha1
N010;55;PositionalDecoderWithVehicleByPercentage;338,06;Alpha1
N010;55;PositionalDecoderWithVehicleByPercentage;338,06;Alpha1
N010;55;PositionalDecoderWithVehicleByPercentage;338,06;Alpha1
N010;55;PositionalDecoderWithVehicleByPercentage;338,06;Alpha1
N010;55;TimeDecoderWithVehicleByPercentage;312,32;Alpha1
N010;55;TimeDecoderWithVehicleByPercentage;309,97;Alpha1
N010;55;TimeDecoderWithVehicleByPercentage;312,32;Alpha1
N010;55;TimeDecoderWithVehicleByPercentage;312,32;Alpha1
N010;55;TimeDecoderWithVehicleByPercentage;318,97;Alpha1
N010;57;PositionalDecoderWithVehicleByPercentage;255,62;Alpha1
N010;57;PositionalDecoderWithVehicleByPercentage;255,62;Alpha1
N010;57;PositionalDecoderWithVehicleByPercentage;255,62;Alpha1
N010;57;PositionalDecoderWithVehicleByPercentage;255,62;Alpha1
N010;57;PositionalDecoderWithVehicleByPercentage;255,62;Alpha1
N010;57;TimeDecoderWithVehicleByPercentage;234,26;Alpha1
N010;57;TimeDecoderWithVehicleByPercentage;238,61;Alpha1
N010;57;TimeDecoderWithVehicleByPercentage;238,54;Alpha1
N010;57;TimeDecoderWithVehicleByPercentage;244,78;Alpha1
N010;57;TimeDecoderWithVehicleByPercentage;234,26;Alpha1
N010;58;PositionalDecoderWithVehicleByPercentage;302,87;Alpha1
N010;58;PositionalDecoderWithVehicleByPercentage;302,87;Alpha1
N010;58;PositionalDecoderWithVehicleByPercentage;302,87;Alpha1
N010;58;PositionalDecoderWithVehicleByPercentage;302,87;Alpha1
N010;58;PositionalDecoderWithVehicleByPercentage;302,87;Alpha1
N010;58;TimeDecoderWithVehicleByPercentage;273,65;Alpha1
N010;58;TimeDecoderWithVehicleByPercentage;291,15;Alpha1
N010;58;TimeDecoderWithVehicleByPercentage;280,64;Alpha1
N010;58;TimeDecoderWithVehicleByPercentage;288,40;Alpha1
N010;58;TimeDecoderWithVehicleByPercentage;282,50;Alpha1
N010;52;PositionalDecoderWithVehicleByPercentage;303,87;Alpha1
N010;52;PositionalDecoderWithVehicleByPercentage;303,87;Alpha1
N010;52;PositionalDecoderWithVehicleByPercentage;303,87;Alpha1
N010;52;PositionalDecoderWithVehicleByPercentage;303,87;Alpha1
N010;52;PositionalDecoderWithVehicleByPercentage;303,87;Alpha1
N010;52;TimeDecoderWithVehicleByPercentage;277,15;Alpha1
N010;52;TimeDecoderWithVehicleByPercentage;255,73;Alpha1
N010;52;TimeDecoderWithVehicleByPercentage;259,26;Alpha1
N010;52;TimeDecoderWithVehicleByPercentage;251,83;Alpha1
N010;52;TimeDecoderWithVehicleByPercentage;261,71;Alpha1
N010;53;PositionalDecoderWithVehicleByPercentage;284,66;Alpha1
N010;53;PositionalDecoderWithVehicleByPercentage;284,66;Alpha1
N010;53;PositionalDecoderWithVehicleByPercentage;284,66;Alpha1
N010;53;PositionalDecoderWithVehicleByPercentage;284,66;Alpha1
N010;53;PositionalDecoderWithVehicleByPercentage;284,66;Alpha1
N010;53;TimeDecoderWithVehicleByPercentage;247,47;Alpha1
N010;53;TimeDecoderWithVehicleByPercentage;272,09;Alpha1
N010;53;TimeDecoderWithVehicleByPercentage;247,37;Alpha1
N010;53;TimeDecoderWithVehicleByPercentage;263,16;Alpha1
N010;53;TimeDecoderWithVehicleByPercentage;247,20;Alpha1
N010;56;PositionalDecoderWithVehicleByPercentage;322,64;Alpha1
N010;56;PositionalDecoderWithVehicleByPercentage;322,64;Alpha1
N010;56;PositionalDecoderWithVehicleByPercentage;322,64;Alpha1
N010;56;PositionalDecoderWithVehicleByPercentage;322,64;Alpha1
N010;56;PositionalDecoderWithVehicleByPercentage;322,64;Alpha1
N010;56;TimeDecoderWithVehicleByPercentage;296,81;Alpha1
N010;56;TimeDecoderWithVehicleByPercentage;282,55;Alpha1
N010;56;TimeDecoderWithVehicleByPercentage;277,13;Alpha1
N010;56;TimeDecoderWithVehicleByPercentage;308,07;Alpha1
N010;56;TimeDecoderWithVehicleByPercentage;300,92;Alpha1
N010;59;PositionalDecoderWithVehicleByPercentage;351,94;Alpha1
N010;59;PositionalDecoderWithVehicleByPercentage;351,94;Alpha1
N010;59;PositionalDecoderWithVehicleByPercentage;351,94;Alpha1
N010;59;PositionalDecoderWithVehicleByPercentage;351,94;Alpha1
N010;59;PositionalDecoderWithVehicleByPercentage;351,94;Alpha1
N010;59;TimeDecoderWithVehicleByPercentage;281,26;Alpha1
N010;59;TimeDecoderWithVehicleByPercentage;295,98;Alpha1
N010;59;TimeDecoderWithVehicleByPercentage;295,98;Alpha1
N010;59;TimeDecoderWithVehicleByPercentage;287,54;Alpha1
N010;59;TimeDecoderWithVehicleByPercentage;281,57;Alpha1
N010;60;PositionalDecoderWithVehicleByPercentage;280,24;Alpha1
N010;60;PositionalDecoderWithVehicleByPercentage;280,24;Alpha1
N010;60;PositionalDecoderWithVehicleByPercentage;280,24;Alpha1
N010;60;PositionalDecoderWithVehicleByPercentage;280,24;Alpha1
N010;60;PositionalDecoderWithVehicleByPercentage;280,24;Alpha1
N010;60;TimeDecoderWithVehicleByPercentage;271,54;Alpha1
N010;60;TimeDecoderWithVehicleByPercentage;269,85;Alpha1
N010;60;TimeDecoderWithVehicleByPercentage;267,45;Alpha1
N010;60;TimeDecoderWithVehicleByPercentage;276,47;Alpha1
N010;60;TimeDecoderWithVehicleByPercentage;271,54;Alpha1
N020;62;PositionalDecoderWithVehicleByPercentage;380,73;Alpha1
N020;62;PositionalDecoderWithVehicleByPercentage;375,67;Alpha1
N020;62;PositionalDecoderWithVehicleByPercentage;389,30;Alpha1
N020;62;PositionalDecoderWithVehicleByPercentage;388,93;Alpha1
N020;62;PositionalDecoderWithVehicleByPercentage;387,85;Alpha1
N020;62;TimeDecoderWithVehicleByPercentage;381,54;Alpha1
N020;62;TimeDecoderWithVehicleByPercentage;352,74;Alpha1
N020;62;TimeDecoderWithVehicleByPercentage;349,08;Alpha1
N020;62;TimeDecoderWithVehicleByPercentage;341,55;Alpha1
N020;62;TimeDecoderWithVehicleByPercentage;393,44;Alpha1
N020;65;PositionalDecoderWithVehicleByPercentage;427,94;Alpha1
N020;65;PositionalDecoderWithVehicleByPercentage;399,77;Alpha1
N020;65;PositionalDecoderWithVehicleByPercentage;398,84;Alpha1
N020;65;PositionalDecoderWithVehicleByPercentage;448,54;Alpha1
N020;65;PositionalDecoderWithVehicleByPercentage;427,94;Alpha1
N020;65;TimeDecoderWithVehicleByPercentage;428,11;Alpha1
N020;65;TimeDecoderWithVehicleByPercentage;373,93;Alpha1
N020;65;TimeDecoderWithVehicleByPercentage;382,17;Alpha1
N020;65;TimeDecoderWithVehicleByPercentage;431,64;Alpha1
N020;65;TimeDecoderWithVehicleByPercentage;370,58;Alpha1
N020;67;PositionalDecoderWithVehicleByPercentage;458,46;Alpha1
N020;67;PositionalDecoderWithVehicleByPercentage;458,46;Alpha1
N020;67;PositionalDecoderWithVehicleByPercentage;457,09;Alpha1
N020;67;PositionalDecoderWithVehicleByPercentage;391,61;Alpha1
N020;67;PositionalDecoderWithVehicleByPercentage;391,61;Alpha1
N020;67;TimeDecoderWithVehicleByPercentage;372,09;Alpha1
N020;67;TimeDecoderWithVehicleByPercentage;441,41;Alpha1
N020;67;TimeDecoderWithVehicleByPercentage;356,40;Alpha1
N020;67;TimeDecoderWithVehicleByPercentage;430,09;Alpha1
N020;67;TimeDecoderWithVehicleByPercentage;359,52;Alpha1
N020;69;PositionalDecoderWithVehicleByPercentage;398,60;Alpha1
N020;69;PositionalDecoderWithVehicleByPercentage;392,91;Alpha1
N020;69;PositionalDecoderWithVehicleByPercentage;409,91;Alpha1
N020;69;PositionalDecoderWithVehicleByPercentage;388,88;Alpha1
N020;69;PositionalDecoderWithVehicleByPercentage;448,76;Alpha1
N020;69;TimeDecoderWithVehicleByPercentage;414,46;Alpha1
N020;69;TimeDecoderWithVehicleByPercentage;358,46;Alpha1
N020;69;TimeDecoderWithVehicleByPercentage;393,64;Alpha1
N020;69;TimeDecoderWithVehicleByPercentage;334,16;Alpha1
N020;69;TimeDecoderWithVehicleByPercentage;344,94;Alpha1
N020;70;PositionalDecoderWithVehicleByPercentage;443,51;Alpha1
N020;70;PositionalDecoderWithVehicleByPercentage;530,89;Alpha1
N020;70;PositionalDecoderWithVehicleByPercentage;436,65;Alpha1
N020;70;PositionalDecoderWithVehicleByPercentage;439,05;Alpha1
N020;70;PositionalDecoderWithVehicleByPercentage;434,25;Alpha1
N020;70;TimeDecoderWithVehicleByPercentage;406,13;Alpha1
N020;70;TimeDecoderWithVehicleByPercentage;391,72;Alpha1
N020;70;TimeDecoderWithVehicleByPercentage;357,90;Alpha1
N020;70;TimeDecoderWithVehicleByPercentage;434,71;Alpha1
N020;70;TimeDecoderWithVehicleByPercentage;379,16;Alpha1
N020;61;PositionalDecoderWithVehicleByPercentage;407,25;Alpha1
N020;61;PositionalDecoderWithVehicleByPercentage;387,37;Alpha1
N020;61;PositionalDecoderWithVehicleByPercentage;376,81;Alpha1
N020;61;PositionalDecoderWithVehicleByPercentage;369,26;Alpha1
N020;61;PositionalDecoderWithVehicleByPercentage;369,26;Alpha1
N020;61;TimeDecoderWithVehicleByPercentage;348,80;Alpha1
N020;61;TimeDecoderWithVehicleByPercentage;384,62;Alpha1
N020;61;TimeDecoderWithVehicleByPercentage;328,89;Alpha1
N020;61;TimeDecoderWithVehicleByPercentage;364,85;Alpha1
N020;61;TimeDecoderWithVehicleByPercentage;317,43;Alpha1
N020;63;PositionalDecoderWithVehicleByPercentage;457,45;Alpha1
N020;63;PositionalDecoderWithVehicleByPercentage;394,70;Alpha1
N020;63;PositionalDecoderWithVehicleByPercentage;428,41;Alpha1
N020;63;PositionalDecoderWithVehicleByPercentage;394,70;Alpha1
N020;63;PositionalDecoderWithVehicleByPercentage;394,70;Alpha1
N020;63;TimeDecoderWithVehicleByPercentage;356,62;Alpha1
N020;63;TimeDecoderWithVehicleByPercentage;358,61;Alpha1
N020;63;TimeDecoderWithVehicleByPercentage;438,41;Alpha1
N020;63;TimeDecoderWithVehicleByPercentage;334,21;Alpha1
N020;63;TimeDecoderWithVehicleByPercentage;434,18;Alpha1
N020;64;PositionalDecoderWithVehicleByPercentage;394,87;Alpha1
N020;64;PositionalDecoderWithVehicleByPercentage;369,44;Alpha1
N020;64;PositionalDecoderWithVehicleByPercentage;393,77;Alpha1
N020;64;PositionalDecoderWithVehicleByPercentage;399,30;Alpha1
N020;64;PositionalDecoderWithVehicleByPercentage;405,25;Alpha1
N020;64;TimeDecoderWithVehicleByPercentage;370,34;Alpha1
N020;64;TimeDecoderWithVehicleByPercentage;372,67;Alpha1
N020;64;TimeDecoderWithVehicleByPercentage;413,40;Alpha1
N020;64;TimeDecoderWithVehicleByPercentage;345,19;Alpha1
N020;64;TimeDecoderWithVehicleByPercentage;370,74;Alpha1
N020;66;PositionalDecoderWithVehicleByPercentage;444,67;Alpha1
N020;66;PositionalDecoderWithVehicleByPercentage;436,43;Alpha1
N020;66;PositionalDecoderWithVehicleByPercentage;516,98;Alpha1
N020;66;PositionalDecoderWithVehicleByPercentage;436,43;Alpha1
N020;66;PositionalDecoderWithVehicleByPercentage;436,43;Alpha1
N020;66;TimeDecoderWithVehicleByPercentage;422,50;Alpha1
N020;66;TimeDecoderWithVehicleByPercentage;433,32;Alpha1
N020;66;TimeDecoderWithVehicleByPercentage;380,57;Alpha1
N020;66;TimeDecoderWithVehicleByPercentage;375,20;Alpha1
N020;66;TimeDecoderWithVehicleByPercentage;375,61;Alpha1
N020;68;PositionalDecoderWithVehicleByPercentage;515,58;Alpha1
N020;68;PositionalDecoderWithVehicleByPercentage;443,08;Alpha1
N020;68;PositionalDecoderWithVehicleByPercentage;437,59;Alpha1
N020;68;PositionalDecoderWithVehicleByPercentage;463,99;Alpha1
N020;68;PositionalDecoderWithVehicleByPercentage;515,58;Alpha1
N020;68;TimeDecoderWithVehicleByPercentage;478,80;Alpha1
N020;68;TimeDecoderWithVehicleByPercentage;499,80;Alpha1
N020;68;TimeDecoderWithVehicleByPercentage;449,94;Alpha1
N020;68;TimeDecoderWithVehicleByPercentage;403,65;Alpha1
N020;68;TimeDecoderWithVehicleByPercentage;503,20;Alpha1
N050;74;PositionalDecoderWithVehicleByPercentage;733,89;Alpha1
N050;74;PositionalDecoderWithVehicleByPercentage;752,82;Alpha1
N050;74;PositionalDecoderWithVehicleByPercentage;697,15;Alpha1
N050;74;PositionalDecoderWithVehicleByPercentage;764,00;Alpha1
N050;74;PositionalDecoderWithVehicleByPercentage;723,30;Alpha1
N050;74;TimeDecoderWithVehicleByPercentage;641,47;Alpha1
N050;74;TimeDecoderWithVehicleByPercentage;760,91;Alpha1
N050;74;TimeDecoderWithVehicleByPercentage;750,13;Alpha1
N050;74;TimeDecoderWithVehicleByPercentage;842,49;Alpha1
N050;74;TimeDecoderWithVehicleByPercentage;618,55;Alpha1
N050;77;PositionalDecoderWithVehicleByPercentage;740,15;Alpha1
N050;77;PositionalDecoderWithVehicleByPercentage;836,82;Alpha1
N050;77;PositionalDecoderWithVehicleByPercentage;882,14;Alpha1
N050;77;PositionalDecoderWithVehicleByPercentage;791,76;Alpha1
N050;77;PositionalDecoderWithVehicleByPercentage;821,80;Alpha1
N050;77;TimeDecoderWithVehicleByPercentage;790,52;Alpha1
N050;77;TimeDecoderWithVehicleByPercentage;786,96;Alpha1
N050;77;TimeDecoderWithVehicleByPercentage;841,14;Alpha1
N050;77;TimeDecoderWithVehicleByPercentage;783,81;Alpha1
N050;77;TimeDecoderWithVehicleByPercentage;814,76;Alpha1
N050;79;PositionalDecoderWithVehicleByPercentage;767,58;Alpha1
N050;79;PositionalDecoderWithVehicleByPercentage;820,82;Alpha1
N050;79;PositionalDecoderWithVehicleByPercentage;729,44;Alpha1
N050;79;PositionalDecoderWithVehicleByPercentage;704,34;Alpha1
N050;79;PositionalDecoderWithVehicleByPercentage;636,35;Alpha1
N050;79;TimeDecoderWithVehicleByPercentage;726,20;Alpha1
N050;79;TimeDecoderWithVehicleByPercentage;697,06;Alpha1
N050;79;TimeDecoderWithVehicleByPercentage;648,47;Alpha1
N050;79;TimeDecoderWithVehicleByPercentage;732,68;Alpha1
N050;79;TimeDecoderWithVehicleByPercentage;730,07;Alpha1
N050;80;PositionalDecoderWithVehicleByPercentage;688,62;Alpha1
N050;80;PositionalDecoderWithVehicleByPercentage;757,28;Alpha1
N050;80;PositionalDecoderWithVehicleByPercentage;724,04;Alpha1
N050;80;PositionalDecoderWithVehicleByPercentage;698,29;Alpha1
N050;80;PositionalDecoderWithVehicleByPercentage;741,49;Alpha1
N050;80;TimeDecoderWithVehicleByPercentage;712,50;Alpha1
N050;80;TimeDecoderWithVehicleByPercentage;697,00;Alpha1
N050;80;TimeDecoderWithVehicleByPercentage;811,09;Alpha1
N050;80;TimeDecoderWithVehicleByPercentage;647,99;Alpha1
N050;80;TimeDecoderWithVehicleByPercentage;835,49;Alpha1
N050;71;PositionalDecoderWithVehicleByPercentage;745,61;Alpha1
N050;71;PositionalDecoderWithVehicleByPercentage;760,71;Alpha1
N050;71;PositionalDecoderWithVehicleByPercentage;788,43;Alpha1
N050;71;PositionalDecoderWithVehicleByPercentage;795,25;Alpha1
N050;71;PositionalDecoderWithVehicleByPercentage;768,56;Alpha1
N050;71;TimeDecoderWithVehicleByPercentage;850,97;Alpha1
N050;71;TimeDecoderWithVehicleByPercentage;754,81;Alpha1
N050;71;TimeDecoderWithVehicleByPercentage;693,45;Alpha1
N050;71;TimeDecoderWithVehicleByPercentage;736,63;Alpha1
N050;71;TimeDecoderWithVehicleByPercentage;676,89;Alpha1
N050;72;PositionalDecoderWithVehicleByPercentage;800,69;Alpha1
N050;72;PositionalDecoderWithVehicleByPercentage;780,01;Alpha1
N050;72;PositionalDecoderWithVehicleByPercentage;864,33;Alpha1
N050;72;PositionalDecoderWithVehicleByPercentage;748,24;Alpha1
N050;72;PositionalDecoderWithVehicleByPercentage;754,68;Alpha1
N050;72;TimeDecoderWithVehicleByPercentage;916,13;Alpha1
N050;72;TimeDecoderWithVehicleByPercentage;732,50;Alpha1
N050;72;TimeDecoderWithVehicleByPercentage;799,35;Alpha1
N050;72;TimeDecoderWithVehicleByPercentage;732,93;Alpha1
N050;72;TimeDecoderWithVehicleByPercentage;834,94;Alpha1
N050;73;PositionalDecoderWithVehicleByPercentage;751,87;Alpha1
N050;73;PositionalDecoderWithVehicleByPercentage;800,50;Alpha1
N050;73;PositionalDecoderWithVehicleByPercentage;723,91;Alpha1
N050;73;PositionalDecoderWithVehicleByPercentage;756,52;Alpha1
N050;73;PositionalDecoderWithVehicleByPercentage;810,00;Alpha1
N050;73;TimeDecoderWithVehicleByPercentage;729,19;Alpha1
N050;73;TimeDecoderWithVehicleByPercentage;739,68;Alpha1
N050;73;TimeDecoderWithVehicleByPercentage;851,55;Alpha1
N050;73;TimeDecoderWithVehicleByPercentage;857,16;Alpha1
N050;73;TimeDecoderWithVehicleByPercentage;781,18;Alpha1
N050;75;PositionalDecoderWithVehicleByPercentage;789,52;Alpha1
N050;75;PositionalDecoderWithVehicleByPercentage;769,32;Alpha1
N050;75;PositionalDecoderWithVehicleByPercentage;838,24;Alpha1
N050;75;PositionalDecoderWithVehicleByPercentage;891,57;Alpha1
N050;75;PositionalDecoderWithVehicleByPercentage;842,17;Alpha1
N050;75;TimeDecoderWithVehicleByPercentage;882,76;Alpha1
N050;75;TimeDecoderWithVehicleByPercentage;783,11;Alpha1
N050;75;TimeDecoderWithVehicleByPercentage;735,71;Alpha1
N050;75;TimeDecoderWithVehicleByPercentage;915,13;Alpha1
N050;75;TimeDecoderWithVehicleByPercentage;813,67;Alpha1
N050;76;PositionalDecoderWithVehicleByPercentage;781,05;Alpha1
N050;76;PositionalDecoderWithVehicleByPercentage;735,75;Alpha1
N050;76;PositionalDecoderWithVehicleByPercentage;747,95;Alpha1
N050;76;PositionalDecoderWithVehicleByPercentage;708,23;Alpha1
N050;76;PositionalDecoderWithVehicleByPercentage;750,26;Alpha1
N050;76;TimeDecoderWithVehicleByPercentage;752,62;Alpha1
N050;76;TimeDecoderWithVehicleByPercentage;748,32;Alpha1
N050;76;TimeDecoderWithVehicleByPercentage;686,52;Alpha1
N050;76;TimeDecoderWithVehicleByPercentage;702,10;Alpha1
N050;76;TimeDecoderWithVehicleByPercentage;775,38;Alpha1
N050;78;PositionalDecoderWithVehicleByPercentage;813,92;Alpha1
N050;78;PositionalDecoderWithVehicleByPercentage;833,36;Alpha1
N050;78;PositionalDecoderWithVehicleByPercentage;846,58;Alpha1
N050;78;PositionalDecoderWithVehicleByPercentage;763,99;Alpha1
N050;78;PositionalDecoderWithVehicleByPercentage;814,25;Alpha1
N050;78;TimeDecoderWithVehicleByPercentage;929,81;Alpha1
N050;78;TimeDecoderWithVehicleByPercentage;810,79;Alpha1
N050;78;TimeDecoderWithVehicleByPercentage;760,40;Alpha1
N050;78;TimeDecoderWithVehicleByPercentage;758,22;Alpha1
N050;78;TimeDecoderWithVehicleByPercentage;740,97;Alpha1
N075;84;PositionalDecoderWithVehicleByPercentage;1113,34;Alpha1
N075;84;PositionalDecoderWithVehicleByPercentage;1118,06;Alpha1
N075;84;PositionalDecoderWithVehicleByPercentage;1087,28;Alpha1
N075;84;PositionalDecoderWithVehicleByPercentage;1178,60;Alpha1
N075;84;PositionalDecoderWithVehicleByPercentage;1144,15;Alpha1
N075;84;TimeDecoderWithVehicleByPercentage;1042,16;Alpha1
N075;84;TimeDecoderWithVehicleByPercentage;1110,04;Alpha1
N075;84;TimeDecoderWithVehicleByPercentage;1033,87;Alpha1
N075;84;TimeDecoderWithVehicleByPercentage;1102,41;Alpha1
N075;84;TimeDecoderWithVehicleByPercentage;1041,97;Alpha1
N075;88;PositionalDecoderWithVehicleByPercentage;1171,73;Alpha1
N075;88;PositionalDecoderWithVehicleByPercentage;1202,28;Alpha1
N075;88;PositionalDecoderWithVehicleByPercentage;1241,82;Alpha1
N075;88;PositionalDecoderWithVehicleByPercentage;1161,30;Alpha1
N075;88;PositionalDecoderWithVehicleByPercentage;1168,00;Alpha1
N075;88;TimeDecoderWithVehicleByPercentage;1089,61;Alpha1
N075;88;TimeDecoderWithVehicleByPercentage;1122,82;Alpha1
N075;88;TimeDecoderWithVehicleByPercentage;1165,80;Alpha1
N075;88;TimeDecoderWithVehicleByPercentage;1285,08;Alpha1
N075;88;TimeDecoderWithVehicleByPercentage;1068,24;Alpha1
N075;89;PositionalDecoderWithVehicleByPercentage;982,99;Alpha1
N075;89;PositionalDecoderWithVehicleByPercentage;1005,59;Alpha1
N075;89;PositionalDecoderWithVehicleByPercentage;1094,76;Alpha1
N075;89;PositionalDecoderWithVehicleByPercentage;983,94;Alpha1
N075;89;PositionalDecoderWithVehicleByPercentage;930,07;Alpha1
N075;89;TimeDecoderWithVehicleByPercentage;1118,78;Alpha1
N075;89;TimeDecoderWithVehicleByPercentage;988,43;Alpha1
N075;89;TimeDecoderWithVehicleByPercentage;1086,98;Alpha1
N075;89;TimeDecoderWithVehicleByPercentage;1112,22;Alpha1
N075;89;TimeDecoderWithVehicleByPercentage;1069,44;Alpha1
N075;90;PositionalDecoderWithVehicleByPercentage;1110,74;Alpha1
N075;90;PositionalDecoderWithVehicleByPercentage;1085,98;Alpha1
N075;90;PositionalDecoderWithVehicleByPercentage;932,05;Alpha1
N075;90;PositionalDecoderWithVehicleByPercentage;1088,11;Alpha1
N075;90;PositionalDecoderWithVehicleByPercentage;1256,37;Alpha1
N075;90;TimeDecoderWithVehicleByPercentage;1081,39;Alpha1
N075;90;TimeDecoderWithVehicleByPercentage;968,28;Alpha1
N075;90;TimeDecoderWithVehicleByPercentage;1227,61;Alpha1
N075;90;TimeDecoderWithVehicleByPercentage;1056,77;Alpha1
N075;90;TimeDecoderWithVehicleByPercentage;1149,47;Alpha1
N075;81;PositionalDecoderWithVehicleByPercentage;920,69;Alpha1
N075;81;PositionalDecoderWithVehicleByPercentage;1102,60;Alpha1
N075;81;PositionalDecoderWithVehicleByPercentage;1204,57;Alpha1
N075;81;PositionalDecoderWithVehicleByPercentage;1065,90;Alpha1
N075;81;PositionalDecoderWithVehicleByPercentage;1113,95;Alpha1
N075;81;TimeDecoderWithVehicleByPercentage;1099,73;Alpha1
N075;81;TimeDecoderWithVehicleByPercentage;1112,53;Alpha1
N075;81;TimeDecoderWithVehicleByPercentage;1251,29;Alpha1
N075;81;TimeDecoderWithVehicleByPercentage;1044,95;Alpha1
N075;81;TimeDecoderWithVehicleByPercentage;1095,06;Alpha1
N075;82;PositionalDecoderWithVehicleByPercentage;1155,55;Alpha1
N075;82;PositionalDecoderWithVehicleByPercentage;1059,88;Alpha1
N075;82;PositionalDecoderWithVehicleByPercentage;1138,94;Alpha1
N075;82;PositionalDecoderWithVehicleByPercentage;1013,22;Alpha1
N075;82;PositionalDecoderWithVehicleByPercentage;1205,54;Alpha1
N075;82;TimeDecoderWithVehicleByPercentage;1231,84;Alpha1
N075;82;TimeDecoderWithVehicleByPercentage;971,22;Alpha1
N075;82;TimeDecoderWithVehicleByPercentage;1090,57;Alpha1
N075;82;TimeDecoderWithVehicleByPercentage;1128,86;Alpha1
N075;82;TimeDecoderWithVehicleByPercentage;1060,16;Alpha1
N075;83;PositionalDecoderWithVehicleByPercentage;1117,12;Alpha1
N075;83;PositionalDecoderWithVehicleByPercentage;1052,40;Alpha1
N075;83;PositionalDecoderWithVehicleByPercentage;1054,07;Alpha1
N075;83;PositionalDecoderWithVehicleByPercentage;935,81;Alpha1
N075;83;PositionalDecoderWithVehicleByPercentage;1025,98;Alpha1
N075;83;TimeDecoderWithVehicleByPercentage;1031,09;Alpha1
N075;83;TimeDecoderWithVehicleByPercentage;1140,14;Alpha1
N075;83;TimeDecoderWithVehicleByPercentage;1059,58;Alpha1
N075;83;TimeDecoderWithVehicleByPercentage;975,89;Alpha1
N075;83;TimeDecoderWithVehicleByPercentage;1078,59;Alpha1
N075;85;PositionalDecoderWithVehicleByPercentage;1092,44;Alpha1
N075;85;PositionalDecoderWithVehicleByPercentage;1154,17;Alpha1
N075;85;PositionalDecoderWithVehicleByPercentage;1202,05;Alpha1
N075;85;PositionalDecoderWithVehicleByPercentage;1055,83;Alpha1
N075;85;PositionalDecoderWithVehicleByPercentage;1124,33;Alpha1
N075;85;TimeDecoderWithVehicleByPercentage;1174,69;Alpha1
N075;85;TimeDecoderWithVehicleByPercentage;1178,17;Alpha1
N075;85;TimeDecoderWithVehicleByPercentage;1139,97;Alpha1
N075;85;TimeDecoderWithVehicleByPercentage;1064,53;Alpha1
N075;85;TimeDecoderWithVehicleByPercentage;1262,11;Alpha1
N075;86;PositionalDecoderWithVehicleByPercentage;1027,03;Alpha1
N075;86;PositionalDecoderWithVehicleByPercentage;1039,29;Alpha1
N075;86;PositionalDecoderWithVehicleByPercentage;1227,61;Alpha1
N075;86;PositionalDecoderWithVehicleByPercentage;983,18;Alpha1
N075;86;PositionalDecoderWithVehicleByPercentage;945,88;Alpha1
N075;86;TimeDecoderWithVehicleByPercentage;1183,50;Alpha1
N075;86;TimeDecoderWithVehicleByPercentage;1276,50;Alpha1
N075;86;TimeDecoderWithVehicleByPercentage;930,23;Alpha1
N075;86;TimeDecoderWithVehicleByPercentage;1201,38;Alpha1
N075;86;TimeDecoderWithVehicleByPercentage;1120,65;Alpha1
N075;87;PositionalDecoderWithVehicleByPercentage;1159,50;Alpha1
N075;87;PositionalDecoderWithVehicleByPercentage;1060,74;Alpha1
N075;87;PositionalDecoderWithVehicleByPercentage;1099,24;Alpha1
N075;87;PositionalDecoderWithVehicleByPercentage;929,63;Alpha1
N075;87;PositionalDecoderWithVehicleByPercentage;1185,73;Alpha1
N075;87;TimeDecoderWithVehicleByPercentage;1195,18;Alpha1
N075;87;TimeDecoderWithVehicleByPercentage;1217,59;Alpha1
N075;87;TimeDecoderWithVehicleByPercentage;1145,86;Alpha1
N075;87;TimeDecoderWithVehicleByPercentage;1149,74;Alpha1
N075;87;TimeDecoderWithVehicleByPercentage;1082,75;Alpha1
N100;97;PositionalDecoderWithVehicleByPercentage;1421,87;Alpha1
N100;97;PositionalDecoderWithVehicleByPercentage;1379,91;Alpha1
N100;97;PositionalDecoderWithVehicleByPercentage;1497,18;Alpha1
N100;97;PositionalDecoderWithVehicleByPercentage;1467,55;Alpha1
N100;97;PositionalDecoderWithVehicleByPercentage;1519,54;Alpha1
N100;97;TimeDecoderWithVehicleByPercentage;1505,61;Alpha1
N100;97;TimeDecoderWithVehicleByPercentage;1551,30;Alpha1
N100;97;TimeDecoderWithVehicleByPercentage;1449,03;Alpha1
N100;97;TimeDecoderWithVehicleByPercentage;1471,08;Alpha1
N100;97;TimeDecoderWithVehicleByPercentage;1493,15;Alpha1
N100;100;PositionalDecoderWithVehicleByPercentage;1564,20;Alpha1
N100;100;PositionalDecoderWithVehicleByPercentage;1496,45;Alpha1
N100;100;PositionalDecoderWithVehicleByPercentage;1423,35;Alpha1
N100;100;PositionalDecoderWithVehicleByPercentage;1375,23;Alpha1
N100;100;PositionalDecoderWithVehicleByPercentage;1418,96;Alpha1
N100;100;TimeDecoderWithVehicleByPercentage;1500,95;Alpha1
N100;100;TimeDecoderWithVehicleByPercentage;1567,59;Alpha1
N100;100;TimeDecoderWithVehicleByPercentage;1458,88;Alpha1
N100;100;TimeDecoderWithVehicleByPercentage;1432,04;Alpha1
N100;100;TimeDecoderWithVehicleByPercentage;1506,51;Alpha1
N100;92;PositionalDecoderWithVehicleByPercentage;1452,72;Alpha1
N100;92;PositionalDecoderWithVehicleByPercentage;1511,50;Alpha1
N100;92;PositionalDecoderWithVehicleByPercentage;1332,80;Alpha1
N100;92;PositionalDecoderWithVehicleByPercentage;1372,64;Alpha1
N100;92;PositionalDecoderWithVehicleByPercentage;1238,15;Alpha1
N100;92;TimeDecoderWithVehicleByPercentage;1492,64;Alpha1
N100;92;TimeDecoderWithVehicleByPercentage;1433,58;Alpha1
N100;92;TimeDecoderWithVehicleByPercentage;1534,09;Alpha1
N100;92;TimeDecoderWithVehicleByPercentage;1467,22;Alpha1
N100;92;TimeDecoderWithVehicleByPercentage;1378,61;Alpha1
N100;94;PositionalDecoderWithVehicleByPercentage;1349,91;Alpha1
N100;94;PositionalDecoderWithVehicleByPercentage;1464,44;Alpha1
N100;94;PositionalDecoderWithVehicleByPercentage;1384,06;Alpha1
N100;94;PositionalDecoderWithVehicleByPercentage;1336,32;Alpha1
N100;94;PositionalDecoderWithVehicleByPercentage;1409,23;Alpha1
N100;94;TimeDecoderWithVehicleByPercentage;1362,18;Alpha1
N100;94;TimeDecoderWithVehicleByPercentage;1376,97;Alpha1
N100;94;TimeDecoderWithVehicleByPercentage;1529,15;Alpha1
N100;94;TimeDecoderWithVehicleByPercentage;1603,23;Alpha1
N100;94;TimeDecoderWithVehicleByPercentage;1665,35;Alpha1
N100;96;PositionalDecoderWithVehicleByPercentage;1371,58;Alpha1
N100;96;PositionalDecoderWithVehicleByPercentage;1541,64;Alpha1
N100;96;PositionalDecoderWithVehicleByPercentage;1417,42;Alpha1
N100;96;PositionalDecoderWithVehicleByPercentage;1486,13;Alpha1
N100;96;PositionalDecoderWithVehicleByPercentage;1517,11;Alpha1
N100;96;TimeDecoderWithVehicleByPercentage;1499,74;Alpha1
N100;96;TimeDecoderWithVehicleByPercentage;1597,93;Alpha1
N100;96;TimeDecoderWithVehicleByPercentage;1670,84;Alpha1
N100;96;TimeDecoderWithVehicleByPercentage;1517,21;Alpha1
N100;96;TimeDecoderWithVehicleByPercentage;1568,93;Alpha1
N100;98;PositionalDecoderWithVehicleByPercentage;1516,00;Alpha1
N100;98;PositionalDecoderWithVehicleByPercentage;1547,26;Alpha1
N100;98;PositionalDecoderWithVehicleByPercentage;1499,10;Alpha1
N100;98;PositionalDecoderWithVehicleByPercentage;1577,21;Alpha1
N100;98;PositionalDecoderWithVehicleByPercentage;1555,40;Alpha1
N100;98;TimeDecoderWithVehicleByPercentage;1595,33;Alpha1
N100;98;TimeDecoderWithVehicleByPercentage;1475,07;Alpha1
N100;98;TimeDecoderWithVehicleByPercentage;1368,25;Alpha1
N100;98;TimeDecoderWithVehicleByPercentage;1688,89;Alpha1
N100;98;TimeDecoderWithVehicleByPercentage;1458,71;Alpha1
N100;99;PositionalDecoderWithVehicleByPercentage;1388,87;Alpha1
N100;99;PositionalDecoderWithVehicleByPercentage;1593,55;Alpha1
N100;99;PositionalDecoderWithVehicleByPercentage;1440,57;Alpha1
N100;99;PositionalDecoderWithVehicleByPercentage;1450,77;Alpha1
N100;99;PositionalDecoderWithVehicleByPercentage;1354,40;Alpha1
N100;99;TimeDecoderWithVehicleByPercentage;1480,15;Alpha1
N100;99;TimeDecoderWithVehicleByPercentage;1531,75;Alpha1
N100;99;TimeDecoderWithVehicleByPercentage;1586,09;Alpha1
N100;99;TimeDecoderWithVehicleByPercentage;1625,47;Alpha1
N100;99;TimeDecoderWithVehicleByPercentage;1520,16;Alpha1
N100;91;PositionalDecoderWithVehicleByPercentage;1356,19;Alpha1
N100;91;PositionalDecoderWithVehicleByPercentage;1581,52;Alpha1
N100;91;PositionalDecoderWithVehicleByPercentage;1294,20;Alpha1
N100;91;PositionalDecoderWithVehicleByPercentage;1459,42;Alpha1
N100;91;PositionalDecoderWithVehicleByPercentage;1352,99;Alpha1
N100;91;TimeDecoderWithVehicleByPercentage;1598,35;Alpha1
N100;91;TimeDecoderWithVehicleByPercentage;1401,86;Alpha1
N100;91;TimeDecoderWithVehicleByPercentage;1507,07;Alpha1
N100;91;TimeDecoderWithVehicleByPercentage;1456,91;Alpha1
N100;91;TimeDecoderWithVehicleByPercentage;1574,97;Alpha1
N100;93;PositionalDecoderWithVehicleByPercentage;1529,95;Alpha1
N100;93;PositionalDecoderWithVehicleByPercentage;1387,29;Alpha1
N100;93;PositionalDecoderWithVehicleByPercentage;1365,20;Alpha1
N100;93;PositionalDecoderWithVehicleByPercentage;1420,18;Alpha1
N100;93;PositionalDecoderWithVehicleByPercentage;1259,35;Alpha1
N100;93;TimeDecoderWithVehicleByPercentage;1404,35;Alpha1
N100;93;TimeDecoderWithVehicleByPercentage;1375,77;Alpha1
N100;93;TimeDecoderWithVehicleByPercentage;1342,46;Alpha1
N100;93;TimeDecoderWithVehicleByPercentage;1289,23;Alpha1
N100;93;TimeDecoderWithVehicleByPercentage;1407,59;Alpha1
N100;95;PositionalDecoderWithVehicleByPercentage;1501,44;Alpha1
N100;95;PositionalDecoderWithVehicleByPercentage;1635,63;Alpha1
N100;95;PositionalDecoderWithVehicleByPercentage;1408,58;Alpha1
N100;95;PositionalDecoderWithVehicleByPercentage;1549,83;Alpha1
N100;95;PositionalDecoderWithVehicleByPercentage;1631,50;Alpha1
N100;95;TimeDecoderWithVehicleByPercentage;1632,18;Alpha1
N100;95;TimeDecoderWithVehicleByPercentage;1472,49;Alpha1
N100;95;TimeDecoderWithVehicleByPercentage;1524,51;Alpha1
N100;95;TimeDecoderWithVehicleByPercentage;1484,16;Alpha1
N100;95;TimeDecoderWithVehicleByPercentage;1559,87;Alpha1
N010;54;PositionalDecoderWithVehicleByPercentage;270,71;Alpha2
N010;54;PositionalDecoderWithVehicleByPercentage;230,07;Alpha2
N010;54;PositionalDecoderWithVehicleByPercentage;249,40;Alpha2
N010;54;PositionalDecoderWithVehicleByPercentage;235,34;Alpha2
N010;54;PositionalDecoderWithVehicleByPercentage;230,07;Alpha2
N010;54;TimeDecoderWithVehicleByPercentage;225,35;Alpha2
N010;54;TimeDecoderWithVehicleByPercentage;231,50;Alpha2
N010;54;TimeDecoderWithVehicleByPercentage;247,02;Alpha2
N010;54;TimeDecoderWithVehicleByPercentage;225,35;Alpha2
N010;54;TimeDecoderWithVehicleByPercentage;249,54;Alpha2
N010;55;PositionalDecoderWithVehicleByPercentage;253,13;Alpha2
N010;55;PositionalDecoderWithVehicleByPercentage;259,03;Alpha2
N010;55;PositionalDecoderWithVehicleByPercentage;305,17;Alpha2
N010;55;PositionalDecoderWithVehicleByPercentage;262,47;Alpha2
N010;55;PositionalDecoderWithVehicleByPercentage;265,09;Alpha2
N010;55;TimeDecoderWithVehicleByPercentage;253,13;Alpha2
N010;55;TimeDecoderWithVehicleByPercentage;264,98;Alpha2
N010;55;TimeDecoderWithVehicleByPercentage;296,10;Alpha2
N010;55;TimeDecoderWithVehicleByPercentage;253,13;Alpha2
N010;55;TimeDecoderWithVehicleByPercentage;255,17;Alpha2
N010;51;PositionalDecoderWithVehicleByPercentage;262,10;Alpha2
N010;51;PositionalDecoderWithVehicleByPercentage;262,10;Alpha2
N010;51;PositionalDecoderWithVehicleByPercentage;250,73;Alpha2
N010;51;PositionalDecoderWithVehicleByPercentage;251,69;Alpha2
N010;51;PositionalDecoderWithVehicleByPercentage;251,69;Alpha2
N010;51;TimeDecoderWithVehicleByPercentage;274,68;Alpha2
N010;51;TimeDecoderWithVehicleByPercentage;250,73;Alpha2
N010;51;TimeDecoderWithVehicleByPercentage;253,38;Alpha2
N010;51;TimeDecoderWithVehicleByPercentage;282,63;Alpha2
N010;51;TimeDecoderWithVehicleByPercentage;274,86;Alpha2
N010;52;PositionalDecoderWithVehicleByPercentage;201,60;Alpha2
N010;52;PositionalDecoderWithVehicleByPercentage;203,35;Alpha2
N010;52;PositionalDecoderWithVehicleByPercentage;201,24;Alpha2
N010;52;PositionalDecoderWithVehicleByPercentage;198,01;Alpha2
N010;52;PositionalDecoderWithVehicleByPercentage;217,01;Alpha2
N010;52;TimeDecoderWithVehicleByPercentage;193,11;Alpha2
N010;52;TimeDecoderWithVehicleByPercentage;193,11;Alpha2
N010;52;TimeDecoderWithVehicleByPercentage;199,77;Alpha2
N010;52;TimeDecoderWithVehicleByPercentage;200,25;Alpha2
N010;52;TimeDecoderWithVehicleByPercentage;197,46;Alpha2
N010;53;PositionalDecoderWithVehicleByPercentage;197,96;Alpha2
N010;53;PositionalDecoderWithVehicleByPercentage;209,44;Alpha2
N010;53;PositionalDecoderWithVehicleByPercentage;209,10;Alpha2
N010;53;PositionalDecoderWithVehicleByPercentage;205,19;Alpha2
N010;53;PositionalDecoderWithVehicleByPercentage;199,82;Alpha2
N010;53;TimeDecoderWithVehicleByPercentage;197,18;Alpha2
N010;53;TimeDecoderWithVehicleByPercentage;201,40;Alpha2
N010;53;TimeDecoderWithVehicleByPercentage;197,18;Alpha2
N010;53;TimeDecoderWithVehicleByPercentage;199,30;Alpha2
N010;53;TimeDecoderWithVehicleByPercentage;198,10;Alpha2
N010;59;PositionalDecoderWithVehicleByPercentage;222,89;Alpha2
N010;59;PositionalDecoderWithVehicleByPercentage;225,15;Alpha2
N010;59;PositionalDecoderWithVehicleByPercentage;224,47;Alpha2
N010;59;PositionalDecoderWithVehicleByPercentage;217,04;Alpha2
N010;59;PositionalDecoderWithVehicleByPercentage;234,80;Alpha2
N010;59;TimeDecoderWithVehicleByPercentage;207,13;Alpha2
N010;59;TimeDecoderWithVehicleByPercentage;210,97;Alpha2
N010;59;TimeDecoderWithVehicleByPercentage;204,03;Alpha2
N010;59;TimeDecoderWithVehicleByPercentage;207,13;Alpha2
N010;59;TimeDecoderWithVehicleByPercentage;206,75;Alpha2
N010;60;PositionalDecoderWithVehicleByPercentage;244,05;Alpha2
N010;60;PositionalDecoderWithVehicleByPercentage;240,36;Alpha2
N010;60;PositionalDecoderWithVehicleByPercentage;252,67;Alpha2
N010;60;PositionalDecoderWithVehicleByPercentage;231,80;Alpha2
N010;60;PositionalDecoderWithVehicleByPercentage;255,64;Alpha2
N010;60;TimeDecoderWithVehicleByPercentage;251,09;Alpha2
N010;60;TimeDecoderWithVehicleByPercentage;239,31;Alpha2
N010;60;TimeDecoderWithVehicleByPercentage;243,83;Alpha2
N010;60;TimeDecoderWithVehicleByPercentage;238,82;Alpha2
N010;60;TimeDecoderWithVehicleByPercentage;252,19;Alpha2
N010;56;PositionalDecoderWithVehicleByPercentage;246,87;Alpha2
N010;56;PositionalDecoderWithVehicleByPercentage;227,51;Alpha2
N010;56;PositionalDecoderWithVehicleByPercentage;239,83;Alpha2
N010;56;PositionalDecoderWithVehicleByPercentage;239,19;Alpha2
N010;56;PositionalDecoderWithVehicleByPercentage;233,67;Alpha2
N010;56;TimeDecoderWithVehicleByPercentage;227,51;Alpha2
N010;56;TimeDecoderWithVehicleByPercentage;236,74;Alpha2
N010;56;TimeDecoderWithVehicleByPercentage;249,27;Alpha2
N010;56;TimeDecoderWithVehicleByPercentage;237,25;Alpha2
N010;56;TimeDecoderWithVehicleByPercentage;234,49;Alpha2
N010;57;PositionalDecoderWithVehicleByPercentage;206,27;Alpha2
N010;57;PositionalDecoderWithVehicleByPercentage;199,49;Alpha2
N010;57;PositionalDecoderWithVehicleByPercentage;211,71;Alpha2
N010;57;PositionalDecoderWithVehicleByPercentage;206,27;Alpha2
N010;57;PositionalDecoderWithVehicleByPercentage;206,04;Alpha2
N010;57;TimeDecoderWithVehicleByPercentage;201,31;Alpha2
N010;57;TimeDecoderWithVehicleByPercentage;206,99;Alpha2
N010;57;TimeDecoderWithVehicleByPercentage;206,36;Alpha2
N010;57;TimeDecoderWithVehicleByPercentage;197,66;Alpha2
N010;57;TimeDecoderWithVehicleByPercentage;206,99;Alpha2
N010;58;PositionalDecoderWithVehicleByPercentage;226,65;Alpha2
N010;58;PositionalDecoderWithVehicleByPercentage;242,03;Alpha2
N010;58;PositionalDecoderWithVehicleByPercentage;256,78;Alpha2
N010;58;PositionalDecoderWithVehicleByPercentage;237,26;Alpha2
N010;58;PositionalDecoderWithVehicleByPercentage;259,67;Alpha2
N010;58;TimeDecoderWithVehicleByPercentage;230,20;Alpha2
N010;58;TimeDecoderWithVehicleByPercentage;240,96;Alpha2
N010;58;TimeDecoderWithVehicleByPercentage;225,13;Alpha2
N010;58;TimeDecoderWithVehicleByPercentage;230,20;Alpha2
N010;58;TimeDecoderWithVehicleByPercentage;214,61;Alpha2
N020;68;PositionalDecoderWithVehicleByPercentage;353,98;Alpha2
N020;68;PositionalDecoderWithVehicleByPercentage;435,80;Alpha2
N020;68;PositionalDecoderWithVehicleByPercentage;352,91;Alpha2
N020;68;PositionalDecoderWithVehicleByPercentage;404,43;Alpha2
N020;68;PositionalDecoderWithVehicleByPercentage;443,19;Alpha2
N020;68;TimeDecoderWithVehicleByPercentage;327,92;Alpha2
N020;68;TimeDecoderWithVehicleByPercentage;442,11;Alpha2
N020;68;TimeDecoderWithVehicleByPercentage;323,03;Alpha2
N020;68;TimeDecoderWithVehicleByPercentage;349,38;Alpha2
N020;68;TimeDecoderWithVehicleByPercentage;357,05;Alpha2
N020;70;PositionalDecoderWithVehicleByPercentage;337,68;Alpha2
N020;70;PositionalDecoderWithVehicleByPercentage;357,72;Alpha2
N020;70;PositionalDecoderWithVehicleByPercentage;377,80;Alpha2
N020;70;PositionalDecoderWithVehicleByPercentage;360,26;Alpha2
N020;70;PositionalDecoderWithVehicleByPercentage;330,96;Alpha2
N020;70;TimeDecoderWithVehicleByPercentage;333,39;Alpha2
N020;70;TimeDecoderWithVehicleByPercentage;314,60;Alpha2
N020;70;TimeDecoderWithVehicleByPercentage;331,53;Alpha2
N020;70;TimeDecoderWithVehicleByPercentage;333,14;Alpha2
N020;70;TimeDecoderWithVehicleByPercentage;377,29;Alpha2
N020;62;PositionalDecoderWithVehicleByPercentage;324,74;Alpha2
N020;62;PositionalDecoderWithVehicleByPercentage;322,34;Alpha2
N020;62;PositionalDecoderWithVehicleByPercentage;321,73;Alpha2
N020;62;PositionalDecoderWithVehicleByPercentage;354,25;Alpha2
N020;62;PositionalDecoderWithVehicleByPercentage;331,92;Alpha2
N020;62;TimeDecoderWithVehicleByPercentage;340,51;Alpha2
N020;62;TimeDecoderWithVehicleByPercentage;321,45;Alpha2
N020;62;TimeDecoderWithVehicleByPercentage;344,22;Alpha2
N020;62;TimeDecoderWithVehicleByPercentage;326,72;Alpha2
N020;62;TimeDecoderWithVehicleByPercentage;300,69;Alpha2
N020;63;PositionalDecoderWithVehicleByPercentage;366,38;Alpha2
N020;63;PositionalDecoderWithVehicleByPercentage;373,77;Alpha2
N020;63;PositionalDecoderWithVehicleByPercentage;386,23;Alpha2
N020;63;PositionalDecoderWithVehicleByPercentage;366,60;Alpha2
N020;63;PositionalDecoderWithVehicleByPercentage;398,90;Alpha2
N020;63;TimeDecoderWithVehicleByPercentage;358,69;Alpha2
N020;63;TimeDecoderWithVehicleByPercentage;336,37;Alpha2
N020;63;TimeDecoderWithVehicleByPercentage;384,34;Alpha2
N020;63;TimeDecoderWithVehicleByPercentage;299,35;Alpha2
N020;63;TimeDecoderWithVehicleByPercentage;284,66;Alpha2
N020;64;PositionalDecoderWithVehicleByPercentage;348,69;Alpha2
N020;64;PositionalDecoderWithVehicleByPercentage;349,57;Alpha2
N020;64;PositionalDecoderWithVehicleByPercentage;316,89;Alpha2
N020;64;PositionalDecoderWithVehicleByPercentage;313,75;Alpha2
N020;64;PositionalDecoderWithVehicleByPercentage;310,39;Alpha2
N020;64;TimeDecoderWithVehicleByPercentage;327,79;Alpha2
N020;64;TimeDecoderWithVehicleByPercentage;298,64;Alpha2
N020;64;TimeDecoderWithVehicleByPercentage;283,52;Alpha2
N020;64;TimeDecoderWithVehicleByPercentage;268,19;Alpha2
N020;64;TimeDecoderWithVehicleByPercentage;282,78;Alpha2
N020;65;PositionalDecoderWithVehicleByPercentage;350,35;Alpha2
N020;65;PositionalDecoderWithVehicleByPercentage;371,21;Alpha2
N020;65;PositionalDecoderWithVehicleByPercentage;401,21;Alpha2
N020;65;PositionalDecoderWithVehicleByPercentage;381,44;Alpha2
N020;65;PositionalDecoderWithVehicleByPercentage;374,19;Alpha2
N020;65;TimeDecoderWithVehicleByPercentage;326,23;Alpha2
N020;65;TimeDecoderWithVehicleByPercentage;387,56;Alpha2
N020;65;TimeDecoderWithVehicleByPercentage;397,42;Alpha2
N020;65;TimeDecoderWithVehicleByPercentage;381,71;Alpha2
N020;65;TimeDecoderWithVehicleByPercentage;328,97;Alpha2
N020;61;PositionalDecoderWithVehicleByPercentage;277,54;Alpha2
N020;61;PositionalDecoderWithVehicleByPercentage;306,69;Alpha2
N020;61;PositionalDecoderWithVehicleByPercentage;311,94;Alpha2
N020;61;PositionalDecoderWithVehicleByPercentage;326,50;Alpha2
N020;61;PositionalDecoderWithVehicleByPercentage;305,22;Alpha2
N020;61;TimeDecoderWithVehicleByPercentage;290,19;Alpha2
N020;61;TimeDecoderWithVehicleByPercentage;293,33;Alpha2
N020;61;TimeDecoderWithVehicleByPercentage;316,46;Alpha2
N020;61;TimeDecoderWithVehicleByPercentage;337,97;Alpha2
N020;61;TimeDecoderWithVehicleByPercentage;298,70;Alpha2
N020;66;PositionalDecoderWithVehicleByPercentage;360,27;Alpha2
N020;66;PositionalDecoderWithVehicleByPercentage;338,53;Alpha2
N020;66;PositionalDecoderWithVehicleByPercentage;383,78;Alpha2
N020;66;PositionalDecoderWithVehicleByPercentage;385,73;Alpha2
N020;66;PositionalDecoderWithVehicleByPercentage;366,96;Alpha2
N020;66;TimeDecoderWithVehicleByPercentage;300,14;Alpha2
N020;66;TimeDecoderWithVehicleByPercentage;320,97;Alpha2
N020;66;TimeDecoderWithVehicleByPercentage;344,14;Alpha2
N020;66;TimeDecoderWithVehicleByPercentage;375,07;Alpha2
N020;66;TimeDecoderWithVehicleByPercentage;341,64;Alpha2
N020;67;PositionalDecoderWithVehicleByPercentage;335,54;Alpha2
N020;67;PositionalDecoderWithVehicleByPercentage;408,79;Alpha2
N020;67;PositionalDecoderWithVehicleByPercentage;335,25;Alpha2
N020;67;PositionalDecoderWithVehicleByPercentage;428,91;Alpha2
N020;67;PositionalDecoderWithVehicleByPercentage;389,52;Alpha2
N020;67;TimeDecoderWithVehicleByPercentage;342,02;Alpha2
N020;67;TimeDecoderWithVehicleByPercentage;363,08;Alpha2
N020;67;TimeDecoderWithVehicleByPercentage;369,78;Alpha2
N020;67;TimeDecoderWithVehicleByPercentage;401,83;Alpha2
N020;67;TimeDecoderWithVehicleByPercentage;360,86;Alpha2
N020;69;PositionalDecoderWithVehicleByPercentage;351,21;Alpha2
N020;69;PositionalDecoderWithVehicleByPercentage;306,08;Alpha2
N020;69;PositionalDecoderWithVehicleByPercentage;323,13;Alpha2
N020;69;PositionalDecoderWithVehicleByPercentage;336,00;Alpha2
N020;69;PositionalDecoderWithVehicleByPercentage;390,56;Alpha2
N020;69;TimeDecoderWithVehicleByPercentage;313,74;Alpha2
N020;69;TimeDecoderWithVehicleByPercentage;324,93;Alpha2
N020;69;TimeDecoderWithVehicleByPercentage;343,29;Alpha2
N020;69;TimeDecoderWithVehicleByPercentage;302,20;Alpha2
N020;69;TimeDecoderWithVehicleByPercentage;304,25;Alpha2
N050;78;PositionalDecoderWithVehicleByPercentage;730,00;Alpha2
N050;78;PositionalDecoderWithVehicleByPercentage;791,33;Alpha2
N050;78;PositionalDecoderWithVehicleByPercentage;670,32;Alpha2
N050;78;PositionalDecoderWithVehicleByPercentage;722,78;Alpha2
N050;78;PositionalDecoderWithVehicleByPercentage;815,52;Alpha2
N050;78;TimeDecoderWithVehicleByPercentage;751,92;Alpha2
N050;78;TimeDecoderWithVehicleByPercentage;807,38;Alpha2
N050;78;TimeDecoderWithVehicleByPercentage;625,32;Alpha2
N050;78;TimeDecoderWithVehicleByPercentage;738,03;Alpha2
N050;78;TimeDecoderWithVehicleByPercentage;776,75;Alpha2
N050;80;PositionalDecoderWithVehicleByPercentage;660,49;Alpha2
N050;80;PositionalDecoderWithVehicleByPercentage;619,32;Alpha2
N050;80;PositionalDecoderWithVehicleByPercentage;728,45;Alpha2
N050;80;PositionalDecoderWithVehicleByPercentage;726,50;Alpha2
N050;80;PositionalDecoderWithVehicleByPercentage;759,54;Alpha2
N050;80;TimeDecoderWithVehicleByPercentage;666,27;Alpha2
N050;80;TimeDecoderWithVehicleByPercentage;652,26;Alpha2
N050;80;TimeDecoderWithVehicleByPercentage;612,57;Alpha2
N050;80;TimeDecoderWithVehicleByPercentage;651,11;Alpha2
N050;80;TimeDecoderWithVehicleByPercentage;573,13;Alpha2
N050;71;PositionalDecoderWithVehicleByPercentage;596,02;Alpha2
N050;71;PositionalDecoderWithVehicleByPercentage;670,15;Alpha2
N050;71;PositionalDecoderWithVehicleByPercentage;794,44;Alpha2
N050;71;PositionalDecoderWithVehicleByPercentage;695,61;Alpha2
N050;71;PositionalDecoderWithVehicleByPercentage;601,82;Alpha2
N050;71;TimeDecoderWithVehicleByPercentage;781,98;Alpha2
N050;71;TimeDecoderWithVehicleByPercentage;723,32;Alpha2
N050;71;TimeDecoderWithVehicleByPercentage;722,63;Alpha2
N050;71;TimeDecoderWithVehicleByPercentage;674,73;Alpha2
N050;71;TimeDecoderWithVehicleByPercentage;618,78;Alpha2
N050;72;PositionalDecoderWithVehicleByPercentage;780,26;Alpha2
N050;72;PositionalDecoderWithVehicleByPercentage;744,90;Alpha2
N050;72;PositionalDecoderWithVehicleByPercentage;696,33;Alpha2
N050;72;PositionalDecoderWithVehicleByPercentage;688,14;Alpha2
N050;72;PositionalDecoderWithVehicleByPercentage;687,57;Alpha2
N050;72;TimeDecoderWithVehicleByPercentage;797,56;Alpha2
N050;72;TimeDecoderWithVehicleByPercentage;706,52;Alpha2
N050;72;TimeDecoderWithVehicleByPercentage;615,97;Alpha2
N050;72;TimeDecoderWithVehicleByPercentage;722,91;Alpha2
N050;72;TimeDecoderWithVehicleByPercentage;731,85;Alpha2
N050;75;PositionalDecoderWithVehicleByPercentage;725,83;Alpha2
N050;75;PositionalDecoderWithVehicleByPercentage;708,41;Alpha2
N050;75;PositionalDecoderWithVehicleByPercentage;657,74;Alpha2
N050;75;PositionalDecoderWithVehicleByPercentage;735,64;Alpha2
N050;75;PositionalDecoderWithVehicleByPercentage;789,10;Alpha2
N050;75;TimeDecoderWithVehicleByPercentage;681,35;Alpha2
N050;75;TimeDecoderWithVehicleByPercentage;784,28;Alpha2
N050;75;TimeDecoderWithVehicleByPercentage;749,04;Alpha2
N050;75;TimeDecoderWithVehicleByPercentage;770,78;Alpha2
N050;75;TimeDecoderWithVehicleByPercentage;766,42;Alpha2
N050;76;PositionalDecoderWithVehicleByPercentage;714,70;Alpha2
N050;76;PositionalDecoderWithVehicleByPercentage;642,03;Alpha2
N050;76;PositionalDecoderWithVehicleByPercentage;782,83;Alpha2
N050;76;PositionalDecoderWithVehicleByPercentage;615,72;Alpha2
N050;76;PositionalDecoderWithVehicleByPercentage;748,75;Alpha2
N050;76;TimeDecoderWithVehicleByPercentage;689,58;Alpha2
N050;76;TimeDecoderWithVehicleByPercentage;705,44;Alpha2
N050;76;TimeDecoderWithVehicleByPercentage;659,91;Alpha2
N050;76;TimeDecoderWithVehicleByPercentage;545,90;Alpha2
N050;76;TimeDecoderWithVehicleByPercentage;750,78;Alpha2
N050;77;PositionalDecoderWithVehicleByPercentage;764,05;Alpha2
N050;77;PositionalDecoderWithVehicleByPercentage;701,54;Alpha2
N050;77;PositionalDecoderWithVehicleByPercentage;736,08;Alpha2
N050;77;PositionalDecoderWithVehicleByPercentage;627,08;Alpha2
N050;77;PositionalDecoderWithVehicleByPercentage;813,85;Alpha2
N050;77;TimeDecoderWithVehicleByPercentage;669,77;Alpha2
N050;77;TimeDecoderWithVehicleByPercentage;645,46;Alpha2
N050;77;TimeDecoderWithVehicleByPercentage;690,43;Alpha2
N050;77;TimeDecoderWithVehicleByPercentage;659,33;Alpha2
N050;77;TimeDecoderWithVehicleByPercentage;698,92;Alpha2
N050;79;PositionalDecoderWithVehicleByPercentage;641,53;Alpha2
N050;79;PositionalDecoderWithVehicleByPercentage;658,08;Alpha2
N050;79;PositionalDecoderWithVehicleByPercentage;720,12;Alpha2
N050;79;PositionalDecoderWithVehicleByPercentage;803,19;Alpha2
N050;79;PositionalDecoderWithVehicleByPercentage;636,08;Alpha2
N050;79;TimeDecoderWithVehicleByPercentage;613,93;Alpha2
N050;79;TimeDecoderWithVehicleByPercentage;689,98;Alpha2
N050;79;TimeDecoderWithVehicleByPercentage;599,67;Alpha2
N050;79;TimeDecoderWithVehicleByPercentage;619,80;Alpha2
N050;79;TimeDecoderWithVehicleByPercentage;709,44;Alpha2
N050;73;PositionalDecoderWithVehicleByPercentage;796,83;Alpha2
N050;73;PositionalDecoderWithVehicleByPercentage;860,43;Alpha2
N050;73;PositionalDecoderWithVehicleByPercentage;728,13;Alpha2
N050;73;PositionalDecoderWithVehicleByPercentage;818,41;Alpha2
N050;73;PositionalDecoderWithVehicleByPercentage;653,66;Alpha2
N050;73;TimeDecoderWithVehicleByPercentage;707,39;Alpha2
N050;73;TimeDecoderWithVehicleByPercentage;711,18;Alpha2
N050;73;TimeDecoderWithVehicleByPercentage;726,95;Alpha2
N050;73;TimeDecoderWithVehicleByPercentage;670,25;Alpha2
N050;73;TimeDecoderWithVehicleByPercentage;753,56;Alpha2
N050;74;PositionalDecoderWithVehicleByPercentage;665,50;Alpha2
N050;74;PositionalDecoderWithVehicleByPercentage;738,22;Alpha2
N050;74;PositionalDecoderWithVehicleByPercentage;678,92;Alpha2
N050;74;PositionalDecoderWithVehicleByPercentage;708,41;Alpha2
N050;74;PositionalDecoderWithVehicleByPercentage;752,04;Alpha2
N050;74;TimeDecoderWithVehicleByPercentage;723,67;Alpha2
N050;74;TimeDecoderWithVehicleByPercentage;756,14;Alpha2
N050;74;TimeDecoderWithVehicleByPercentage;744,16;Alpha2
N050;74;TimeDecoderWithVehicleByPercentage;719,55;Alpha2
N050;74;TimeDecoderWithVehicleByPercentage;816,98;Alpha2
N075;82;PositionalDecoderWithVehicleByPercentage;893,59;Alpha2
N075;82;PositionalDecoderWithVehicleByPercentage;1047,60;Alpha2
N075;82;PositionalDecoderWithVehicleByPercentage;1170,74;Alpha2
N075;82;PositionalDecoderWithVehicleByPercentage;933,59;Alpha2
N075;82;PositionalDecoderWithVehicleByPercentage;932,74;Alpha2
N075;82;TimeDecoderWithVehicleByPercentage;948,92;Alpha2
N075;82;TimeDecoderWithVehicleByPercentage;1053,16;Alpha2
N075;82;TimeDecoderWithVehicleByPercentage;959,02;Alpha2
N075;82;TimeDecoderWithVehicleByPercentage;971,99;Alpha2
N075;82;TimeDecoderWithVehicleByPercentage;1010,58;Alpha2
N075;83;PositionalDecoderWithVehicleByPercentage;951,96;Alpha2
N075;83;PositionalDecoderWithVehicleByPercentage;1044,90;Alpha2
N075;83;PositionalDecoderWithVehicleByPercentage;936,25;Alpha2
N075;83;PositionalDecoderWithVehicleByPercentage;850,67;Alpha2
N075;83;PositionalDecoderWithVehicleByPercentage;925,96;Alpha2
N075;83;TimeDecoderWithVehicleByPercentage;906,55;Alpha2
N075;83;TimeDecoderWithVehicleByPercentage;911,20;Alpha2
N075;83;TimeDecoderWithVehicleByPercentage;924,33;Alpha2
N075;83;TimeDecoderWithVehicleByPercentage;962,11;Alpha2
N075;83;TimeDecoderWithVehicleByPercentage;809,82;Alpha2
N075;86;PositionalDecoderWithVehicleByPercentage;1120,67;Alpha2
N075;86;PositionalDecoderWithVehicleByPercentage;1098,26;Alpha2
N075;86;PositionalDecoderWithVehicleByPercentage;1027,33;Alpha2
N075;86;PositionalDecoderWithVehicleByPercentage;966,57;Alpha2
N075;86;PositionalDecoderWithVehicleByPercentage;976,35;Alpha2
N075;86;TimeDecoderWithVehicleByPercentage;950,12;Alpha2
N075;86;TimeDecoderWithVehicleByPercentage;993,65;Alpha2
N075;86;TimeDecoderWithVehicleByPercentage;1041,73;Alpha2
N075;86;TimeDecoderWithVehicleByPercentage;1050,20;Alpha2
N075;86;TimeDecoderWithVehicleByPercentage;988,80;Alpha2
N075;88;PositionalDecoderWithVehicleByPercentage;1094,78;Alpha2
N075;88;PositionalDecoderWithVehicleByPercentage;1124,03;Alpha2
N075;88;PositionalDecoderWithVehicleByPercentage;1205,96;Alpha2
N075;88;PositionalDecoderWithVehicleByPercentage;1070,36;Alpha2
N075;88;PositionalDecoderWithVehicleByPercentage;1080,41;Alpha2
N075;88;TimeDecoderWithVehicleByPercentage;1023,25;Alpha2
N075;88;TimeDecoderWithVehicleByPercentage;1153,91;Alpha2
N075;88;TimeDecoderWithVehicleByPercentage;955,13;Alpha2
N075;88;TimeDecoderWithVehicleByPercentage;1093,15;Alpha2
N075;88;TimeDecoderWithVehicleByPercentage;1024,21;Alpha2
N075;89;PositionalDecoderWithVehicleByPercentage;997,84;Alpha2
N075;89;PositionalDecoderWithVehicleByPercentage;973,43;Alpha2
N075;89;PositionalDecoderWithVehicleByPercentage;988,83;Alpha2
N075;89;PositionalDecoderWithVehicleByPercentage;1109,60;Alpha2
N075;89;PositionalDecoderWithVehicleByPercentage;999,54;Alpha2
N075;89;TimeDecoderWithVehicleByPercentage;954,12;Alpha2
N075;89;TimeDecoderWithVehicleByPercentage;1053,54;Alpha2
N075;89;TimeDecoderWithVehicleByPercentage;942,78;Alpha2
N075;89;TimeDecoderWithVehicleByPercentage;954,95;Alpha2
N075;89;TimeDecoderWithVehicleByPercentage;1022,42;Alpha2
N075;81;PositionalDecoderWithVehicleByPercentage;1070,81;Alpha2
N075;81;PositionalDecoderWithVehicleByPercentage;932,36;Alpha2
N075;81;PositionalDecoderWithVehicleByPercentage;994,45;Alpha2
N075;81;PositionalDecoderWithVehicleByPercentage;982,60;Alpha2
N075;81;PositionalDecoderWithVehicleByPercentage;909,43;Alpha2
N075;81;TimeDecoderWithVehicleByPercentage;931,53;Alpha2
N075;81;TimeDecoderWithVehicleByPercentage;998,04;Alpha2
N075;81;TimeDecoderWithVehicleByPercentage;1055,18;Alpha2
N075;81;TimeDecoderWithVehicleByPercentage;938,38;Alpha2
N075;81;TimeDecoderWithVehicleByPercentage;931,22;Alpha2
N075;85;PositionalDecoderWithVehicleByPercentage;1073,17;Alpha2
N075;85;PositionalDecoderWithVehicleByPercentage;970,15;Alpha2
N075;85;PositionalDecoderWithVehicleByPercentage;1108,88;Alpha2
N075;85;PositionalDecoderWithVehicleByPercentage;1056,15;Alpha2
N075;85;PositionalDecoderWithVehicleByPercentage;1083,51;Alpha2
N075;85;TimeDecoderWithVehicleByPercentage;1147,32;Alpha2
N075;85;TimeDecoderWithVehicleByPercentage;1151,21;Alpha2
N075;85;TimeDecoderWithVehicleByPercentage;1100,16;Alpha2
N075;85;TimeDecoderWithVehicleByPercentage;1023,45;Alpha2
N075;85;TimeDecoderWithVehicleByPercentage;1078,36;Alpha2
N075;87;PositionalDecoderWithVehicleByPercentage;1043,00;Alpha2
N075;87;PositionalDecoderWithVehicleByPercentage;1021,56;Alpha2
N075;87;PositionalDecoderWithVehicleByPercentage;849,33;Alpha2
N075;87;PositionalDecoderWithVehicleByPercentage;1002,33;Alpha2
N075;87;PositionalDecoderWithVehicleByPercentage;1000,10;Alpha2
N075;87;TimeDecoderWithVehicleByPercentage;1066,51;Alpha2
N075;87;TimeDecoderWithVehicleByPercentage;972,97;Alpha2
N075;87;TimeDecoderWithVehicleByPercentage;886,50;Alpha2
N075;87;TimeDecoderWithVehicleByPercentage;843,80;Alpha2
N075;87;TimeDecoderWithVehicleByPercentage;1050,18;Alpha2
N075;90;PositionalDecoderWithVehicleByPercentage;1061,31;Alpha2
N075;90;PositionalDecoderWithVehicleByPercentage;967,46;Alpha2
N075;90;PositionalDecoderWithVehicleByPercentage;1051,48;Alpha2
N075;90;PositionalDecoderWithVehicleByPercentage;1209,87;Alpha2
N075;90;PositionalDecoderWithVehicleByPercentage;1051,45;Alpha2
N075;90;TimeDecoderWithVehicleByPercentage;1013,39;Alpha2
N075;90;TimeDecoderWithVehicleByPercentage;962,89;Alpha2
N075;90;TimeDecoderWithVehicleByPercentage;939,04;Alpha2
N075;90;TimeDecoderWithVehicleByPercentage;913,23;Alpha2
N075;90;TimeDecoderWithVehicleByPercentage;1030,71;Alpha2
N075;84;PositionalDecoderWithVehicleByPercentage;939,77;Alpha2
N075;84;PositionalDecoderWithVehicleByPercentage;997,71;Alpha2
N075;84;PositionalDecoderWithVehicleByPercentage;1020,59;Alpha2
N075;84;PositionalDecoderWithVehicleByPercentage;1203,24;Alpha2
N075;84;PositionalDecoderWithVehicleByPercentage;1050,68;Alpha2
N075;84;TimeDecoderWithVehicleByPercentage;1098,04;Alpha2
N075;84;TimeDecoderWithVehicleByPercentage;1031,88;Alpha2
N075;84;TimeDecoderWithVehicleByPercentage;904,34;Alpha2
N075;84;TimeDecoderWithVehicleByPercentage;1139,92;Alpha2
N075;84;TimeDecoderWithVehicleByPercentage;1179,07;Alpha2
N100;98;PositionalDecoderWithVehicleByPercentage;1350,21;Alpha2
N100;98;PositionalDecoderWithVehicleByPercentage;1379,12;Alpha2
N100;98;PositionalDecoderWithVehicleByPercentage;1334,99;Alpha2
N100;98;PositionalDecoderWithVehicleByPercentage;1387,58;Alpha2
N100;98;PositionalDecoderWithVehicleByPercentage;1298,52;Alpha2
N100;98;TimeDecoderWithVehicleByPercentage;1474,07;Alpha2
N100;98;TimeDecoderWithVehicleByPercentage;1628,17;Alpha2
N100;98;TimeDecoderWithVehicleByPercentage;1333,94;Alpha2
N100;98;TimeDecoderWithVehicleByPercentage;1409,72;Alpha2
N100;98;TimeDecoderWithVehicleByPercentage;1491,83;Alpha2
N100;91;PositionalDecoderWithVehicleByPercentage;1342,47;Alpha2
N100;91;PositionalDecoderWithVehicleByPercentage;1219,12;Alpha2
N100;91;PositionalDecoderWithVehicleByPercentage;1496,04;Alpha2
N100;91;PositionalDecoderWithVehicleByPercentage;1418,82;Alpha2
N100;91;PositionalDecoderWithVehicleByPercentage;1387,70;Alpha2
N100;91;TimeDecoderWithVehicleByPercentage;1390,09;Alpha2
N100;91;TimeDecoderWithVehicleByPercentage;1367,98;Alpha2
N100;91;TimeDecoderWithVehicleByPercentage;1276,68;Alpha2
N100;91;TimeDecoderWithVehicleByPercentage;1380,72;Alpha2
N100;91;TimeDecoderWithVehicleByPercentage;1457,52;Alpha2
N100;92;PositionalDecoderWithVehicleByPercentage;1351,63;Alpha2
N100;92;PositionalDecoderWithVehicleByPercentage;1302,74;Alpha2
N100;92;PositionalDecoderWithVehicleByPercentage;1458,92;Alpha2
N100;92;PositionalDecoderWithVehicleByPercentage;1324,38;Alpha2
N100;92;PositionalDecoderWithVehicleByPercentage;1343,57;Alpha2
N100;92;TimeDecoderWithVehicleByPercentage;1262,97;Alpha2
N100;92;TimeDecoderWithVehicleByPercentage;1232,73;Alpha2
N100;92;TimeDecoderWithVehicleByPercentage;1286,53;Alpha2
N100;92;TimeDecoderWithVehicleByPercentage;1393,17;Alpha2
N100;92;TimeDecoderWithVehicleByPercentage;1413,46;Alpha2
N100;95;PositionalDecoderWithVehicleByPercentage;1587,18;Alpha2
N100;95;PositionalDecoderWithVehicleByPercentage;1489,64;Alpha2
N100;95;PositionalDecoderWithVehicleByPercentage;1243,42;Alpha2
N100;95;PositionalDecoderWithVehicleByPercentage;1573,23;Alpha2
N100;95;PositionalDecoderWithVehicleByPercentage;1351,33;Alpha2
N100;95;TimeDecoderWithVehicleByPercentage;1438,25;Alpha2
N100;95;TimeDecoderWithVehicleByPercentage;1494,54;Alpha2
N100;95;TimeDecoderWithVehicleByPercentage;1250,49;Alpha2
N100;95;TimeDecoderWithVehicleByPercentage;1304,43;Alpha2
N100;95;TimeDecoderWithVehicleByPercentage;1594,00;Alpha2
N100;96;PositionalDecoderWithVehicleByPercentage;1490,89;Alpha2
N100;96;PositionalDecoderWithVehicleByPercentage;1476,90;Alpha2
N100;96;PositionalDecoderWithVehicleByPercentage;1405,57;Alpha2
N100;96;PositionalDecoderWithVehicleByPercentage;1364,89;Alpha2
N100;96;PositionalDecoderWithVehicleByPercentage;1363,77;Alpha2
N100;96;TimeDecoderWithVehicleByPercentage;1439,53;Alpha2
N100;96;TimeDecoderWithVehicleByPercentage;1302,84;Alpha2
N100;96;TimeDecoderWithVehicleByPercentage;1596,86;Alpha2
N100;96;TimeDecoderWithVehicleByPercentage;1386,13;Alpha2
N100;96;TimeDecoderWithVehicleByPercentage;1447,11;Alpha2
N100;97;PositionalDecoderWithVehicleByPercentage;1476,47;Alpha2
N100;97;PositionalDecoderWithVehicleByPercentage;1339,10;Alpha2
N100;97;PositionalDecoderWithVehicleByPercentage;1303,83;Alpha2
N100;97;PositionalDecoderWithVehicleByPercentage;1283,18;Alpha2
N100;97;PositionalDecoderWithVehicleByPercentage;1399,07;Alpha2
N100;97;TimeDecoderWithVehicleByPercentage;1340,15;Alpha2
N100;97;TimeDecoderWithVehicleByPercentage;1430,62;Alpha2
N100;97;TimeDecoderWithVehicleByPercentage;1302,18;Alpha2
N100;97;TimeDecoderWithVehicleByPercentage;1533,18;Alpha2
N100;97;TimeDecoderWithVehicleByPercentage;1543,97;Alpha2
N100;93;PositionalDecoderWithVehicleByPercentage;1445,94;Alpha2
N100;93;PositionalDecoderWithVehicleByPercentage;1317,94;Alpha2
N100;93;PositionalDecoderWithVehicleByPercentage;1277,86;Alpha2
N100;93;PositionalDecoderWithVehicleByPercentage;1365,75;Alpha2
N100;93;PositionalDecoderWithVehicleByPercentage;1360,25;Alpha2
N100;93;TimeDecoderWithVehicleByPercentage;1307,53;Alpha2
N100;93;TimeDecoderWithVehicleByPercentage;1389,94;Alpha2
N100;93;TimeDecoderWithVehicleByPercentage;1242,95;Alpha2
N100;93;TimeDecoderWithVehicleByPercentage;1371,27;Alpha2
N100;93;TimeDecoderWithVehicleByPercentage;1468,89;Alpha2
N100;94;PositionalDecoderWithVehicleByPercentage;1247,16;Alpha2
N100;94;PositionalDecoderWithVehicleByPercentage;1452,32;Alpha2
N100;94;PositionalDecoderWithVehicleByPercentage;1282,26;Alpha2
N100;94;PositionalDecoderWithVehicleByPercentage;1322,97;Alpha2
N100;94;PositionalDecoderWithVehicleByPercentage;1439,36;Alpha2
N100;94;TimeDecoderWithVehicleByPercentage;1366,38;Alpha2
N100;94;TimeDecoderWithVehicleByPercentage;1363,46;Alpha2
N100;94;TimeDecoderWithVehicleByPercentage;1288,78;Alpha2
N100;94;TimeDecoderWithVehicleByPercentage;1390,87;Alpha2
N100;94;TimeDecoderWithVehicleByPercentage;1460,68;Alpha2
N100;99;PositionalDecoderWithVehicleByPercentage;1553,72;Alpha2
N100;99;PositionalDecoderWithVehicleByPercentage;1438,39;Alpha2
N100;99;PositionalDecoderWithVehicleByPercentage;1210,63;Alpha2
N100;99;PositionalDecoderWithVehicleByPercentage;1376,59;Alpha2
N100;99;PositionalDecoderWithVehicleByPercentage;1312,31;Alpha2
N100;99;TimeDecoderWithVehicleByPercentage;1556,22;Alpha2
N100;99;TimeDecoderWithVehicleByPercentage;1414,26;Alpha2
N100;99;TimeDecoderWithVehicleByPercentage;1393,41;Alpha2
N100;99;TimeDecoderWithVehicleByPercentage;1401,06;Alpha2
N100;99;TimeDecoderWithVehicleByPercentage;1262,39;Alpha2
N100;100;PositionalDecoderWithVehicleByPercentage;1405,17;Alpha2
N100;100;PositionalDecoderWithVehicleByPercentage;1360,77;Alpha2
N100;100;PositionalDecoderWithVehicleByPercentage;1513,92;Alpha2
N100;100;PositionalDecoderWithVehicleByPercentage;1414,33;Alpha2
N100;100;PositionalDecoderWithVehicleByPercentage;1283,56;Alpha2
N100;100;TimeDecoderWithVehicleByPercentage;1460,62;Alpha2
N100;100;TimeDecoderWithVehicleByPercentage;1433,06;Alpha2
N100;100;TimeDecoderWithVehicleByPercentage;1426,25;Alpha2
N100;100;TimeDecoderWithVehicleByPercentage;1474,06;Alpha2
N100;100;TimeDecoderWithVehicleByPercentage;1332,97;Alpha2
N010;52;PositionalDecoderWithVehicleByPercentage;199,05;Alpha3
N010;52;PositionalDecoderWithVehicleByPercentage;190,60;Alpha3
N010;52;PositionalDecoderWithVehicleByPercentage;195,56;Alpha3
N010;52;PositionalDecoderWithVehicleByPercentage;191,33;Alpha3
N010;52;PositionalDecoderWithVehicleByPercentage;190,60;Alpha3
N010;52;TimeDecoderWithVehicleByPercentage;190,60;Alpha3
N010;52;TimeDecoderWithVehicleByPercentage;195,56;Alpha3
N010;52;TimeDecoderWithVehicleByPercentage;192,62;Alpha3
N010;52;TimeDecoderWithVehicleByPercentage;199,97;Alpha3
N010;52;TimeDecoderWithVehicleByPercentage;191,33;Alpha3
N010;53;PositionalDecoderWithVehicleByPercentage;153,62;Alpha3
N010;53;PositionalDecoderWithVehicleByPercentage;169,07;Alpha3
N010;53;PositionalDecoderWithVehicleByPercentage;169,07;Alpha3
N010;53;PositionalDecoderWithVehicleByPercentage;158,38;Alpha3
N010;53;PositionalDecoderWithVehicleByPercentage;171,96;Alpha3
N010;53;TimeDecoderWithVehicleByPercentage;177,43;Alpha3
N010;53;TimeDecoderWithVehicleByPercentage;156,16;Alpha3
N010;53;TimeDecoderWithVehicleByPercentage;150,34;Alpha3
N010;53;TimeDecoderWithVehicleByPercentage;148,52;Alpha3
N010;53;TimeDecoderWithVehicleByPercentage;156,83;Alpha3
N010;55;PositionalDecoderWithVehicleByPercentage;250,74;Alpha3
N010;55;PositionalDecoderWithVehicleByPercentage;251,92;Alpha3
N010;55;PositionalDecoderWithVehicleByPercentage;249,58;Alpha3
N010;55;PositionalDecoderWithVehicleByPercentage;251,68;Alpha3
N010;55;PositionalDecoderWithVehicleByPercentage;241,66;Alpha3
N010;55;TimeDecoderWithVehicleByPercentage;241,66;Alpha3
N010;55;TimeDecoderWithVehicleByPercentage;243,75;Alpha3
N010;55;TimeDecoderWithVehicleByPercentage;239,20;Alpha3
N010;55;TimeDecoderWithVehicleByPercentage;277,68;Alpha3
N010;55;TimeDecoderWithVehicleByPercentage;243,95;Alpha3
N010;57;PositionalDecoderWithVehicleByPercentage;205,00;Alpha3
N010;57;PositionalDecoderWithVehicleByPercentage;205,00;Alpha3
N010;57;PositionalDecoderWithVehicleByPercentage;186,05;Alpha3
N010;57;PositionalDecoderWithVehicleByPercentage;187,20;Alpha3
N010;57;PositionalDecoderWithVehicleByPercentage;205,71;Alpha3
N010;57;TimeDecoderWithVehicleByPercentage;184,43;Alpha3
N010;57;TimeDecoderWithVehicleByPercentage;184,43;Alpha3
N010;57;TimeDecoderWithVehicleByPercentage;202,85;Alpha3
N010;57;TimeDecoderWithVehicleByPercentage;203,57;Alpha3
N010;57;TimeDecoderWithVehicleByPercentage;202,85;Alpha3
N010;58;PositionalDecoderWithVehicleByPercentage;217,66;Alpha3
N010;58;PositionalDecoderWithVehicleByPercentage;212,31;Alpha3
N010;58;PositionalDecoderWithVehicleByPercentage;220,75;Alpha3
N010;58;PositionalDecoderWithVehicleByPercentage;201,27;Alpha3
N010;58;PositionalDecoderWithVehicleByPercentage;204,32;Alpha3
N010;58;TimeDecoderWithVehicleByPercentage;205,12;Alpha3
N010;58;TimeDecoderWithVehicleByPercentage;205,65;Alpha3
N010;58;TimeDecoderWithVehicleByPercentage;210,39;Alpha3
N010;58;TimeDecoderWithVehicleByPercentage;207,46;Alpha3
N010;58;TimeDecoderWithVehicleByPercentage;221,38;Alpha3
N010;60;PositionalDecoderWithVehicleByPercentage;222,43;Alpha3
N010;60;PositionalDecoderWithVehicleByPercentage;221,54;Alpha3
N010;60;PositionalDecoderWithVehicleByPercentage;216,73;Alpha3
N010;60;PositionalDecoderWithVehicleByPercentage;228,12;Alpha3
N010;60;PositionalDecoderWithVehicleByPercentage;216,78;Alpha3
N010;60;TimeDecoderWithVehicleByPercentage;227,91;Alpha3
N010;60;TimeDecoderWithVehicleByPercentage;232,85;Alpha3
N010;60;TimeDecoderWithVehicleByPercentage;223,11;Alpha3
N010;60;TimeDecoderWithVehicleByPercentage;245,39;Alpha3
N010;60;TimeDecoderWithVehicleByPercentage;237,62;Alpha3
N010;51;PositionalDecoderWithVehicleByPercentage;251,87;Alpha3
N010;51;PositionalDecoderWithVehicleByPercentage;249,75;Alpha3
N010;51;PositionalDecoderWithVehicleByPercentage;249,95;Alpha3
N010;51;PositionalDecoderWithVehicleByPercentage;255,27;Alpha3
N010;51;PositionalDecoderWithVehicleByPercentage;250,71;Alpha3
N010;51;TimeDecoderWithVehicleByPercentage;245,70;Alpha3
N010;51;TimeDecoderWithVehicleByPercentage;245,33;Alpha3
N010;51;TimeDecoderWithVehicleByPercentage;247,32;Alpha3
N010;51;TimeDecoderWithVehicleByPercentage;247,74;Alpha3
N010;51;TimeDecoderWithVehicleByPercentage;251,87;Alpha3
N010;54;PositionalDecoderWithVehicleByPercentage;196,56;Alpha3
N010;54;PositionalDecoderWithVehicleByPercentage;215,66;Alpha3
N010;54;PositionalDecoderWithVehicleByPercentage;228,20;Alpha3
N010;54;PositionalDecoderWithVehicleByPercentage;224,87;Alpha3
N010;54;PositionalDecoderWithVehicleByPercentage;196,74;Alpha3
N010;54;TimeDecoderWithVehicleByPercentage;194,77;Alpha3
N010;54;TimeDecoderWithVehicleByPercentage;225,35;Alpha3
N010;54;TimeDecoderWithVehicleByPercentage;223,36;Alpha3
N010;54;TimeDecoderWithVehicleByPercentage;225,35;Alpha3
N010;54;TimeDecoderWithVehicleByPercentage;203,95;Alpha3
N010;56;PositionalDecoderWithVehicleByPercentage;200,29;Alpha3
N010;56;PositionalDecoderWithVehicleByPercentage;213,01;Alpha3
N010;56;PositionalDecoderWithVehicleByPercentage;225,21;Alpha3
N010;56;PositionalDecoderWithVehicleByPercentage;218,74;Alpha3
N010;56;PositionalDecoderWithVehicleByPercentage;196,69;Alpha3
N010;56;TimeDecoderWithVehicleByPercentage;216,91;Alpha3
N010;56;TimeDecoderWithVehicleByPercentage;207,62;Alpha3
N010;56;TimeDecoderWithVehicleByPercentage;190,19;Alpha3
N010;56;TimeDecoderWithVehicleByPercentage;216,91;Alpha3
N010;56;TimeDecoderWithVehicleByPercentage;217,35;Alpha3
N010;59;PositionalDecoderWithVehicleByPercentage;200,25;Alpha3
N010;59;PositionalDecoderWithVehicleByPercentage;200,25;Alpha3
N010;59;PositionalDecoderWithVehicleByPercentage;209,61;Alpha3
N010;59;PositionalDecoderWithVehicleByPercentage;203,97;Alpha3
N010;59;PositionalDecoderWithVehicleByPercentage;204,04;Alpha3
N010;59;TimeDecoderWithVehicleByPercentage;200,14;Alpha3
N010;59;TimeDecoderWithVehicleByPercentage;204,03;Alpha3
N010;59;TimeDecoderWithVehicleByPercentage;200,14;Alpha3
N010;59;TimeDecoderWithVehicleByPercentage;201,26;Alpha3
N010;59;TimeDecoderWithVehicleByPercentage;200,25;Alpha3
N020;68;PositionalDecoderWithVehicleByPercentage;408,60;Alpha3
N020;68;PositionalDecoderWithVehicleByPercentage;371,75;Alpha3
N020;68;PositionalDecoderWithVehicleByPercentage;354,53;Alpha3
N020;68;PositionalDecoderWithVehicleByPercentage;377,68;Alpha3
N020;68;PositionalDecoderWithVehicleByPercentage;391,07;Alpha3
N020;68;TimeDecoderWithVehicleByPercentage;365,31;Alpha3
N020;68;TimeDecoderWithVehicleByPercentage;312,82;Alpha3
N020;68;TimeDecoderWithVehicleByPercentage;344,69;Alpha3
N020;68;TimeDecoderWithVehicleByPercentage;383,49;Alpha3
N020;68;TimeDecoderWithVehicleByPercentage;327,43;Alpha3
N020;70;PositionalDecoderWithVehicleByPercentage;392,48;Alpha3
N020;70;PositionalDecoderWithVehicleByPercentage;311,84;Alpha3
N020;70;PositionalDecoderWithVehicleByPercentage;341,65;Alpha3
N020;70;PositionalDecoderWithVehicleByPercentage;320,52;Alpha3
N020;70;PositionalDecoderWithVehicleByPercentage;337,03;Alpha3
N020;70;TimeDecoderWithVehicleByPercentage;304,88;Alpha3
N020;70;TimeDecoderWithVehicleByPercentage;332,70;Alpha3
N020;70;TimeDecoderWithVehicleByPercentage;310,11;Alpha3
N020;70;TimeDecoderWithVehicleByPercentage;299,05;Alpha3
N020;70;TimeDecoderWithVehicleByPercentage;331,01;Alpha3
N020;61;PositionalDecoderWithVehicleByPercentage;267,89;Alpha3
N020;61;PositionalDecoderWithVehicleByPercentage;293,54;Alpha3
N020;61;PositionalDecoderWithVehicleByPercentage;232,19;Alpha3
N020;61;PositionalDecoderWithVehicleByPercentage;278,58;Alpha3
N020;61;PositionalDecoderWithVehicleByPercentage;246,40;Alpha3
N020;61;TimeDecoderWithVehicleByPercentage;253,47;Alpha3
N020;61;TimeDecoderWithVehicleByPercentage;265,69;Alpha3
N020;61;TimeDecoderWithVehicleByPercentage;264,70;Alpha3
N020;61;TimeDecoderWithVehicleByPercentage;237,73;Alpha3
N020;61;TimeDecoderWithVehicleByPercentage;239,25;Alpha3
N020;62;PositionalDecoderWithVehicleByPercentage;312,47;Alpha3
N020;62;PositionalDecoderWithVehicleByPercentage;344,05;Alpha3
N020;62;PositionalDecoderWithVehicleByPercentage;317,61;Alpha3
N020;62;PositionalDecoderWithVehicleByPercentage;327,71;Alpha3
N020;62;PositionalDecoderWithVehicleByPercentage;340,83;Alpha3
N020;62;TimeDecoderWithVehicleByPercentage;346,17;Alpha3
N020;62;TimeDecoderWithVehicleByPercentage;311,29;Alpha3
N020;62;TimeDecoderWithVehicleByPercentage;263,17;Alpha3
N020;62;TimeDecoderWithVehicleByPercentage;322,65;Alpha3
N020;62;TimeDecoderWithVehicleByPercentage;317,03;Alpha3
N020;64;PositionalDecoderWithVehicleByPercentage;304,73;Alpha3
N020;64;PositionalDecoderWithVehicleByPercentage;323,23;Alpha3
N020;64;PositionalDecoderWithVehicleByPercentage;287,47;Alpha3
N020;64;PositionalDecoderWithVehicleByPercentage;260,56;Alpha3
N020;64;PositionalDecoderWithVehicleByPercentage;283,35;Alpha3
N020;64;TimeDecoderWithVehicleByPercentage;319,91;Alpha3
N020;64;TimeDecoderWithVehicleByPercentage;250,78;Alpha3
N020;64;TimeDecoderWithVehicleByPercentage;297,20;Alpha3
N020;64;TimeDecoderWithVehicleByPercentage;270,13;Alpha3
N020;64;TimeDecoderWithVehicleByPercentage;264,35;Alpha3
N020;67;PositionalDecoderWithVehicleByPercentage;345,59;Alpha3
N020;67;PositionalDecoderWithVehicleByPercentage;369,52;Alpha3
N020;67;PositionalDecoderWithVehicleByPercentage;327,20;Alpha3
N020;67;PositionalDecoderWithVehicleByPercentage;342,01;Alpha3
N020;67;PositionalDecoderWithVehicleByPercentage;379,88;Alpha3
N020;67;TimeDecoderWithVehicleByPercentage;387,06;Alpha3
N020;67;TimeDecoderWithVehicleByPercentage;358,10;Alpha3
N020;67;TimeDecoderWithVehicleByPercentage;306,56;Alpha3
N020;67;TimeDecoderWithVehicleByPercentage;316,37;Alpha3
N020;67;TimeDecoderWithVehicleByPercentage;346,34;Alpha3
N020;69;PositionalDecoderWithVehicleByPercentage;308,08;Alpha3
N020;69;PositionalDecoderWithVehicleByPercentage;305,60;Alpha3
N020;69;PositionalDecoderWithVehicleByPercentage;337,64;Alpha3
N020;69;PositionalDecoderWithVehicleByPercentage;342,89;Alpha3
N020;69;PositionalDecoderWithVehicleByPercentage;298,46;Alpha3
N020;69;TimeDecoderWithVehicleByPercentage;309,11;Alpha3
N020;69;TimeDecoderWithVehicleByPercentage;311,20;Alpha3
N020;69;TimeDecoderWithVehicleByPercentage;320,35;Alpha3
N020;69;TimeDecoderWithVehicleByPercentage;297,17;Alpha3
N020;69;TimeDecoderWithVehicleByPercentage;378,18;Alpha3
N020;63;PositionalDecoderWithVehicleByPercentage;343,58;Alpha3
N020;63;PositionalDecoderWithVehicleByPercentage;342,85;Alpha3
N020;63;PositionalDecoderWithVehicleByPercentage;321,33;Alpha3
N020;63;PositionalDecoderWithVehicleByPercentage;321,00;Alpha3
N020;63;PositionalDecoderWithVehicleByPercentage;318,94;Alpha3
N020;63;TimeDecoderWithVehicleByPercentage;342,61;Alpha3
N020;63;TimeDecoderWithVehicleByPercentage;300,31;Alpha3
N020;63;TimeDecoderWithVehicleByPercentage;290,03;Alpha3
N020;63;TimeDecoderWithVehicleByPercentage;294,47;Alpha3
N020;63;TimeDecoderWithVehicleByPercentage;326,05;Alpha3
N020;65;PositionalDecoderWithVehicleByPercentage;346,19;Alpha3
N020;65;PositionalDecoderWithVehicleByPercentage;303,27;Alpha3
N020;65;PositionalDecoderWithVehicleByPercentage;351,14;Alpha3
N020;65;PositionalDecoderWithVehicleByPercentage;407,00;Alpha3
N020;65;PositionalDecoderWithVehicleByPercentage;299,17;Alpha3
N020;65;TimeDecoderWithVehicleByPercentage;318,85;Alpha3
N020;65;TimeDecoderWithVehicleByPercentage;374,13;Alpha3
N020;65;TimeDecoderWithVehicleByPercentage;286,17;Alpha3
N020;65;TimeDecoderWithVehicleByPercentage;309,37;Alpha3
N020;65;TimeDecoderWithVehicleByPercentage;364,60;Alpha3
N020;66;PositionalDecoderWithVehicleByPercentage;302,72;Alpha3
N020;66;PositionalDecoderWithVehicleByPercentage;329,35;Alpha3
N020;66;PositionalDecoderWithVehicleByPercentage;314,04;Alpha3
N020;66;PositionalDecoderWithVehicleByPercentage;325,73;Alpha3
N020;66;PositionalDecoderWithVehicleByPercentage;360,46;Alpha3
N020;66;TimeDecoderWithVehicleByPercentage;327,59;Alpha3
N020;66;TimeDecoderWithVehicleByPercentage;305,10;Alpha3
N020;66;TimeDecoderWithVehicleByPercentage;312,90;Alpha3
N020;66;TimeDecoderWithVehicleByPercentage;324,77;Alpha3
N020;66;TimeDecoderWithVehicleByPercentage;312,09;Alpha3
N050;75;PositionalDecoderWithVehicleByPercentage;773,77;Alpha3
N050;75;PositionalDecoderWithVehicleByPercentage;658,20;Alpha3
N050;75;PositionalDecoderWithVehicleByPercentage;758,91;Alpha3
N050;75;PositionalDecoderWithVehicleByPercentage;680,46;Alpha3
N050;75;PositionalDecoderWithVehicleByPercentage;688,84;Alpha3
N050;75;TimeDecoderWithVehicleByPercentage;694,02;Alpha3
N050;75;TimeDecoderWithVehicleByPercentage;664,07;Alpha3
N050;75;TimeDecoderWithVehicleByPercentage;751,54;Alpha3
N050;75;TimeDecoderWithVehicleByPercentage;711,00;Alpha3
N050;75;TimeDecoderWithVehicleByPercentage;759,81;Alpha3
N050;76;PositionalDecoderWithVehicleByPercentage;671,60;Alpha3
N050;76;PositionalDecoderWithVehicleByPercentage;728,64;Alpha3
N050;76;PositionalDecoderWithVehicleByPercentage;683,23;Alpha3
N050;76;PositionalDecoderWithVehicleByPercentage;614,37;Alpha3
N050;76;PositionalDecoderWithVehicleByPercentage;656,50;Alpha3
N050;76;TimeDecoderWithVehicleByPercentage;686,98;Alpha3
N050;76;TimeDecoderWithVehicleByPercentage;668,43;Alpha3
N050;76;TimeDecoderWithVehicleByPercentage;644,18;Alpha3
N050;76;TimeDecoderWithVehicleByPercentage;629,42;Alpha3
N050;76;TimeDecoderWithVehicleByPercentage;725,74;Alpha3
N050;77;PositionalDecoderWithVehicleByPercentage;724,49;Alpha3
N050;77;PositionalDecoderWithVehicleByPercentage;639,83;Alpha3
N050;77;PositionalDecoderWithVehicleByPercentage;710,24;Alpha3
N050;77;PositionalDecoderWithVehicleByPercentage;655,26;Alpha3
N050;77;PositionalDecoderWithVehicleByPercentage;608,56;Alpha3
N050;77;TimeDecoderWithVehicleByPercentage;687,34;Alpha3
N050;77;TimeDecoderWithVehicleByPercentage;602,81;Alpha3
N050;77;TimeDecoderWithVehicleByPercentage;702,08;Alpha3
N050;77;TimeDecoderWithVehicleByPercentage;599,13;Alpha3
N050;77;TimeDecoderWithVehicleByPercentage;588,39;Alpha3
N050;72;PositionalDecoderWithVehicleByPercentage;671,04;Alpha3
N050;72;PositionalDecoderWithVehicleByPercentage;732,05;Alpha3
N050;72;PositionalDecoderWithVehicleByPercentage;674,24;Alpha3
N050;72;PositionalDecoderWithVehicleByPercentage;614,50;Alpha3
N050;72;PositionalDecoderWithVehicleByPercentage;710,31;Alpha3
N050;72;TimeDecoderWithVehicleByPercentage;654,68;Alpha3
N050;72;TimeDecoderWithVehicleByPercentage;697,28;Alpha3
N050;72;TimeDecoderWithVehicleByPercentage;788,68;Alpha3
N050;72;TimeDecoderWithVehicleByPercentage;720,91;Alpha3
N050;72;TimeDecoderWithVehicleByPercentage;635,89;Alpha3
N050;73;PositionalDecoderWithVehicleByPercentage;861,32;Alpha3
N050;73;PositionalDecoderWithVehicleByPercentage;764,27;Alpha3
N050;73;PositionalDecoderWithVehicleByPercentage;723,44;Alpha3
N050;73;PositionalDecoderWithVehicleByPercentage;790,20;Alpha3
N050;73;PositionalDecoderWithVehicleByPercentage;677,84;Alpha3
N050;73;TimeDecoderWithVehicleByPercentage;669,63;Alpha3
N050;73;TimeDecoderWithVehicleByPercentage;562,00;Alpha3
N050;73;TimeDecoderWithVehicleByPercentage;724,36;Alpha3
N050;73;TimeDecoderWithVehicleByPercentage;689,59;Alpha3
N050;73;TimeDecoderWithVehicleByPercentage;681,12;Alpha3
N050;74;PositionalDecoderWithVehicleByPercentage;636,49;Alpha3
N050;74;PositionalDecoderWithVehicleByPercentage;712,35;Alpha3
N050;74;PositionalDecoderWithVehicleByPercentage;588,81;Alpha3
N050;74;PositionalDecoderWithVehicleByPercentage;692,89;Alpha3
N050;74;PositionalDecoderWithVehicleByPercentage;620,19;Alpha3
N050;74;TimeDecoderWithVehicleByPercentage;764,22;Alpha3
N050;74;TimeDecoderWithVehicleByPercentage;565,16;Alpha3
N050;74;TimeDecoderWithVehicleByPercentage;668,30;Alpha3
N050;74;TimeDecoderWithVehicleByPercentage;671,96;Alpha3
N050;74;TimeDecoderWithVehicleByPercentage;763,26;Alpha3
N050;80;PositionalDecoderWithVehicleByPercentage;635,22;Alpha3
N050;80;PositionalDecoderWithVehicleByPercentage;669,23;Alpha3
N050;80;PositionalDecoderWithVehicleByPercentage;619,07;Alpha3
N050;80;PositionalDecoderWithVehicleByPercentage;633,01;Alpha3
N050;80;PositionalDecoderWithVehicleByPercentage;639,83;Alpha3
N050;80;TimeDecoderWithVehicleByPercentage;673,47;Alpha3
N050;80;TimeDecoderWithVehicleByPercentage;606,11;Alpha3
N050;80;TimeDecoderWithVehicleByPercentage;680,77;Alpha3
N050;80;TimeDecoderWithVehicleByPercentage;566,42;Alpha3
N050;80;TimeDecoderWithVehicleByPercentage;668,01;Alpha3
N050;71;PositionalDecoderWithVehicleByPercentage;681,98;Alpha3
N050;71;PositionalDecoderWithVehicleByPercentage;747,48;Alpha3
N050;71;PositionalDecoderWithVehicleByPercentage;677,86;Alpha3
N050;71;PositionalDecoderWithVehicleByPercentage;662,49;Alpha3
N050;71;PositionalDecoderWithVehicleByPercentage;624,14;Alpha3
N050;71;TimeDecoderWithVehicleByPercentage;672,65;Alpha3
N050;71;TimeDecoderWithVehicleByPercentage;673,06;Alpha3
N050;71;TimeDecoderWithVehicleByPercentage;613,89;Alpha3
N050;71;TimeDecoderWithVehicleByPercentage;718,75;Alpha3
N050;71;TimeDecoderWithVehicleByPercentage;650,22;Alpha3
N050;78;PositionalDecoderWithVehicleByPercentage;758,67;Alpha3
N050;78;PositionalDecoderWithVehicleByPercentage;650,45;Alpha3
N050;78;PositionalDecoderWithVehicleByPercentage;613,10;Alpha3
N050;78;PositionalDecoderWithVehicleByPercentage;745,56;Alpha3
N050;78;PositionalDecoderWithVehicleByPercentage;645,95;Alpha3
N050;78;TimeDecoderWithVehicleByPercentage;728,01;Alpha3
N050;78;TimeDecoderWithVehicleByPercentage;677,63;Alpha3
N050;78;TimeDecoderWithVehicleByPercentage;731,01;Alpha3
N050;78;TimeDecoderWithVehicleByPercentage;736,95;Alpha3
N050;78;TimeDecoderWithVehicleByPercentage;653,40;Alpha3
N050;79;PositionalDecoderWithVehicleByPercentage;734,20;Alpha3
N050;79;PositionalDecoderWithVehicleByPercentage;599,89;Alpha3
N050;79;PositionalDecoderWithVehicleByPercentage;709,74;Alpha3
N050;79;PositionalDecoderWithVehicleByPercentage;669,76;Alpha3
N050;79;PositionalDecoderWithVehicleByPercentage;683,06;Alpha3
N050;79;TimeDecoderWithVehicleByPercentage;609,92;Alpha3
N050;79;TimeDecoderWithVehicleByPercentage;607,58;Alpha3
N050;79;TimeDecoderWithVehicleByPercentage;605,61;Alpha3
N050;79;TimeDecoderWithVehicleByPercentage;660,74;Alpha3
N050;79;TimeDecoderWithVehicleByPercentage;630,39;Alpha3
N075;81;PositionalDecoderWithVehicleByPercentage;1089,31;Alpha3
N075;81;PositionalDecoderWithVehicleByPercentage;1079,78;Alpha3
N075;81;PositionalDecoderWithVehicleByPercentage;902,76;Alpha3
N075;81;PositionalDecoderWithVehicleByPercentage;1066,85;Alpha3
N075;81;PositionalDecoderWithVehicleByPercentage;955,69;Alpha3
N075;81;TimeDecoderWithVehicleByPercentage;1064,17;Alpha3
N075;81;TimeDecoderWithVehicleByPercentage;1138,01;Alpha3
N075;81;TimeDecoderWithVehicleByPercentage;916,14;Alpha3
N075;81;TimeDecoderWithVehicleByPercentage;1168,32;Alpha3
N075;81;TimeDecoderWithVehicleByPercentage;1070,02;Alpha3
N075;82;PositionalDecoderWithVehicleByPercentage;976,48;Alpha3
N075;82;PositionalDecoderWithVehicleByPercentage;1011,90;Alpha3
N075;82;PositionalDecoderWithVehicleByPercentage;1068,77;Alpha3
N075;82;PositionalDecoderWithVehicleByPercentage;1114,33;Alpha3
N075;82;PositionalDecoderWithVehicleByPercentage;918,94;Alpha3
N075;82;TimeDecoderWithVehicleByPercentage;871,31;Alpha3
N075;82;TimeDecoderWithVehicleByPercentage;914,39;Alpha3
N075;82;TimeDecoderWithVehicleByPercentage;930,95;Alpha3
N075;82;TimeDecoderWithVehicleByPercentage;958,30;Alpha3
N075;82;TimeDecoderWithVehicleByPercentage;1129,81;Alpha3
N075;83;PositionalDecoderWithVehicleByPercentage;1032,07;Alpha3
N075;83;PositionalDecoderWithVehicleByPercentage;1062,31;Alpha3
N075;83;PositionalDecoderWithVehicleByPercentage;1047,58;Alpha3
N075;83;PositionalDecoderWithVehicleByPercentage;949,18;Alpha3
N075;83;PositionalDecoderWithVehicleByPercentage;878,72;Alpha3
N075;83;TimeDecoderWithVehicleByPercentage;928,29;Alpha3
N075;83;TimeDecoderWithVehicleByPercentage;989,65;Alpha3
N075;83;TimeDecoderWithVehicleByPercentage;1050,31;Alpha3
N075;83;TimeDecoderWithVehicleByPercentage;837,28;Alpha3
N075;83;TimeDecoderWithVehicleByPercentage;975,96;Alpha3
N075;86;PositionalDecoderWithVehicleByPercentage;1011,92;Alpha3
N075;86;PositionalDecoderWithVehicleByPercentage;1058,37;Alpha3
N075;86;PositionalDecoderWithVehicleByPercentage;994,34;Alpha3
N075;86;PositionalDecoderWithVehicleByPercentage;948,29;Alpha3
N075;86;PositionalDecoderWithVehicleByPercentage;995,31;Alpha3
N075;86;TimeDecoderWithVehicleByPercentage;1024,26;Alpha3
N075;86;TimeDecoderWithVehicleByPercentage;853,00;Alpha3
N075;86;TimeDecoderWithVehicleByPercentage;923,13;Alpha3
N075;86;TimeDecoderWithVehicleByPercentage;936,53;Alpha3
N075;86;TimeDecoderWithVehicleByPercentage;1008,55;Alpha3
N075;87;PositionalDecoderWithVehicleByPercentage;966,36;Alpha3
N075;87;PositionalDecoderWithVehicleByPercentage;837,18;Alpha3
N075;87;PositionalDecoderWithVehicleByPercentage;1039,25;Alpha3
N075;87;PositionalDecoderWithVehicleByPercentage;965,43;Alpha3
N075;87;PositionalDecoderWithVehicleByPercentage;1083,15;Alpha3
N075;87;TimeDecoderWithVehicleByPercentage;973,37;Alpha3
N075;87;TimeDecoderWithVehicleByPercentage;950,82;Alpha3
N075;87;TimeDecoderWithVehicleByPercentage;864,10;Alpha3
N075;87;TimeDecoderWithVehicleByPercentage;932,58;Alpha3
N075;87;TimeDecoderWithVehicleByPercentage;1010,91;Alpha3
N075;84;PositionalDecoderWithVehicleByPercentage;1018,07;Alpha3
N075;84;PositionalDecoderWithVehicleByPercentage;1002,46;Alpha3
N075;84;PositionalDecoderWithVehicleByPercentage;1067,37;Alpha3
N075;84;PositionalDecoderWithVehicleByPercentage;1031,72;Alpha3
N075;84;PositionalDecoderWithVehicleByPercentage;967,28;Alpha3
N075;84;TimeDecoderWithVehicleByPercentage;1034,33;Alpha3
N075;84;TimeDecoderWithVehicleByPercentage;1046,78;Alpha3
N075;84;TimeDecoderWithVehicleByPercentage;893,44;Alpha3
N075;84;TimeDecoderWithVehicleByPercentage;883,43;Alpha3
N075;84;TimeDecoderWithVehicleByPercentage;1001,54;Alpha3
N075;85;PositionalDecoderWithVehicleByPercentage;868,19;Alpha3
N075;85;PositionalDecoderWithVehicleByPercentage;1147,36;Alpha3
N075;85;PositionalDecoderWithVehicleByPercentage;1029,86;Alpha3
N075;85;PositionalDecoderWithVehicleByPercentage;983,03;Alpha3
N075;85;PositionalDecoderWithVehicleByPercentage;1060,54;Alpha3
N075;85;TimeDecoderWithVehicleByPercentage;1063,96;Alpha3
N075;85;TimeDecoderWithVehicleByPercentage;924,86;Alpha3
N075;85;TimeDecoderWithVehicleByPercentage;921,01;Alpha3
N075;85;TimeDecoderWithVehicleByPercentage;1089,49;Alpha3
N075;85;TimeDecoderWithVehicleByPercentage;864,27;Alpha3
N075;88;PositionalDecoderWithVehicleByPercentage;1115,23;Alpha3
N075;88;PositionalDecoderWithVehicleByPercentage;1159,11;Alpha3
N075;88;PositionalDecoderWithVehicleByPercentage;1106,95;Alpha3
N075;88;PositionalDecoderWithVehicleByPercentage;1077,28;Alpha3
N075;88;PositionalDecoderWithVehicleByPercentage;1153,15;Alpha3
N075;88;TimeDecoderWithVehicleByPercentage;1000,01;Alpha3
N075;88;TimeDecoderWithVehicleByPercentage;960,56;Alpha3
N075;88;TimeDecoderWithVehicleByPercentage;1125,07;Alpha3
N075;88;TimeDecoderWithVehicleByPercentage;1138,09;Alpha3
N075;88;TimeDecoderWithVehicleByPercentage;915,04;Alpha3
N075;89;PositionalDecoderWithVehicleByPercentage;1070,31;Alpha3
N075;89;PositionalDecoderWithVehicleByPercentage;959,12;Alpha3
N075;89;PositionalDecoderWithVehicleByPercentage;1024,84;Alpha3
N075;89;PositionalDecoderWithVehicleByPercentage;950,14;Alpha3
N075;89;PositionalDecoderWithVehicleByPercentage;968,52;Alpha3
N075;89;TimeDecoderWithVehicleByPercentage;1042,67;Alpha3
N075;89;TimeDecoderWithVehicleByPercentage;891,25;Alpha3
N075;89;TimeDecoderWithVehicleByPercentage;811,65;Alpha3
N075;89;TimeDecoderWithVehicleByPercentage;953,71;Alpha3
N075;89;TimeDecoderWithVehicleByPercentage;967,26;Alpha3
N075;90;PositionalDecoderWithVehicleByPercentage;979,04;Alpha3
N075;90;PositionalDecoderWithVehicleByPercentage;1059,82;Alpha3
N075;90;PositionalDecoderWithVehicleByPercentage;887,77;Alpha3
N075;90;PositionalDecoderWithVehicleByPercentage;1057,07;Alpha3
N075;90;PositionalDecoderWithVehicleByPercentage;957,50;Alpha3
N075;90;TimeDecoderWithVehicleByPercentage;859,27;Alpha3
N075;90;TimeDecoderWithVehicleByPercentage;1088,30;Alpha3
N075;90;TimeDecoderWithVehicleByPercentage;916,98;Alpha3
N075;90;TimeDecoderWithVehicleByPercentage;990,54;Alpha3
N075;90;TimeDecoderWithVehicleByPercentage;896,39;Alpha3
N100;95;PositionalDecoderWithVehicleByPercentage;1420,48;Alpha3
N100;95;PositionalDecoderWithVehicleByPercentage;1469,08;Alpha3
N100;95;PositionalDecoderWithVehicleByPercentage;1204,57;Alpha3
N100;95;PositionalDecoderWithVehicleByPercentage;1443,88;Alpha3
N100;95;PositionalDecoderWithVehicleByPercentage;1445,16;Alpha3
N100;95;TimeDecoderWithVehicleByPercentage;1445,01;Alpha3
N100;95;TimeDecoderWithVehicleByPercentage;1316,27;Alpha3
N100;95;TimeDecoderWithVehicleByPercentage;1418,89;Alpha3
N100;95;TimeDecoderWithVehicleByPercentage;1356,60;Alpha3
N100;95;TimeDecoderWithVehicleByPercentage;1127,08;Alpha3
N100;99;PositionalDecoderWithVehicleByPercentage;1304,92;Alpha3
N100;99;PositionalDecoderWithVehicleByPercentage;1280,00;Alpha3
N100;99;PositionalDecoderWithVehicleByPercentage;1351,37;Alpha3
N100;99;PositionalDecoderWithVehicleByPercentage;1345,85;Alpha3
N100;99;PositionalDecoderWithVehicleByPercentage;1419,44;Alpha3
N100;99;TimeDecoderWithVehicleByPercentage;1417,83;Alpha3
N100;99;TimeDecoderWithVehicleByPercentage;1182,68;Alpha3
N100;99;TimeDecoderWithVehicleByPercentage;1307,15;Alpha3
N100;99;TimeDecoderWithVehicleByPercentage;1248,86;Alpha3
N100;99;TimeDecoderWithVehicleByPercentage;1430,38;Alpha3
N100;91;PositionalDecoderWithVehicleByPercentage;1205,17;Alpha3
N100;91;PositionalDecoderWithVehicleByPercentage;1257,71;Alpha3
N100;91;PositionalDecoderWithVehicleByPercentage;1270,40;Alpha3
N100;91;PositionalDecoderWithVehicleByPercentage;1421,59;Alpha3
N100;91;PositionalDecoderWithVehicleByPercentage;1310,48;Alpha3
N100;91;TimeDecoderWithVehicleByPercentage;1262,21;Alpha3
N100;91;TimeDecoderWithVehicleByPercentage;1296,35;Alpha3
N100;91;TimeDecoderWithVehicleByPercentage;1363,77;Alpha3
N100;91;TimeDecoderWithVehicleByPercentage;1280,86;Alpha3
N100;91;TimeDecoderWithVehicleByPercentage;1323,58;Alpha3
N100;93;PositionalDecoderWithVehicleByPercentage;1294,81;Alpha3
N100;93;PositionalDecoderWithVehicleByPercentage;1321,58;Alpha3
N100;93;PositionalDecoderWithVehicleByPercentage;1367,99;Alpha3
N100;93;PositionalDecoderWithVehicleByPercentage;1362,02;Alpha3
N100;93;PositionalDecoderWithVehicleByPercentage;1261,61;Alpha3
N100;93;TimeDecoderWithVehicleByPercentage;1131,02;Alpha3
N100;93;TimeDecoderWithVehicleByPercentage;1313,50;Alpha3
N100;93;TimeDecoderWithVehicleByPercentage;1466,59;Alpha3
N100;93;TimeDecoderWithVehicleByPercentage;1109,19;Alpha3
N100;93;TimeDecoderWithVehicleByPercentage;1281,59;Alpha3
N100;96;PositionalDecoderWithVehicleByPercentage;1440,48;Alpha3
N100;96;PositionalDecoderWithVehicleByPercentage;1269,71;Alpha3
N100;96;PositionalDecoderWithVehicleByPercentage;1460,78;Alpha3
N100;96;PositionalDecoderWithVehicleByPercentage;1241,78;Alpha3
N100;96;PositionalDecoderWithVehicleByPercentage;1343,17;Alpha3
N100;96;TimeDecoderWithVehicleByPercentage;1329,10;Alpha3
N100;96;TimeDecoderWithVehicleByPercentage;1394,18;Alpha3
N100;96;TimeDecoderWithVehicleByPercentage;1358,00;Alpha3
N100;96;TimeDecoderWithVehicleByPercentage;1258,01;Alpha3
N100;96;TimeDecoderWithVehicleByPercentage;1424,19;Alpha3
N100;97;PositionalDecoderWithVehicleByPercentage;1444,57;Alpha3
N100;97;PositionalDecoderWithVehicleByPercentage;1202,28;Alpha3
N100;97;PositionalDecoderWithVehicleByPercentage;1379,34;Alpha3
N100;97;PositionalDecoderWithVehicleByPercentage;1375,72;Alpha3
N100;97;PositionalDecoderWithVehicleByPercentage;1360,02;Alpha3
N100;97;TimeDecoderWithVehicleByPercentage;1196,98;Alpha3
N100;97;TimeDecoderWithVehicleByPercentage;1150,09;Alpha3
N100;97;TimeDecoderWithVehicleByPercentage;1419,30;Alpha3
N100;97;TimeDecoderWithVehicleByPercentage;1307,14;Alpha3
N100;97;TimeDecoderWithVehicleByPercentage;1352,42;Alpha3
N100;98;PositionalDecoderWithVehicleByPercentage;1606,29;Alpha3
N100;98;PositionalDecoderWithVehicleByPercentage;1484,11;Alpha3
N100;98;PositionalDecoderWithVehicleByPercentage;1238,98;Alpha3
N100;98;PositionalDecoderWithVehicleByPercentage;1412,82;Alpha3
N100;98;PositionalDecoderWithVehicleByPercentage;1320,55;Alpha3
N100;98;TimeDecoderWithVehicleByPercentage;1446,22;Alpha3
N100;98;TimeDecoderWithVehicleByPercentage;1424,34;Alpha3
N100;98;TimeDecoderWithVehicleByPercentage;1289,04;Alpha3
N100;98;TimeDecoderWithVehicleByPercentage;1213,05;Alpha3
N100;98;TimeDecoderWithVehicleByPercentage;1209,86;Alpha3
N100;100;PositionalDecoderWithVehicleByPercentage;1285,64;Alpha3
N100;100;PositionalDecoderWithVehicleByPercentage;1382,51;Alpha3
N100;100;PositionalDecoderWithVehicleByPercentage;1346,95;Alpha3
N100;100;PositionalDecoderWithVehicleByPercentage;1368,93;Alpha3
N100;100;PositionalDecoderWithVehicleByPercentage;1317,33;Alpha3
N100;100;TimeDecoderWithVehicleByPercentage;1286,32;Alpha3
N100;100;TimeDecoderWithVehicleByPercentage;1264,16;Alpha3
N100;100;TimeDecoderWithVehicleByPercentage;1369,47;Alpha3
N100;100;TimeDecoderWithVehicleByPercentage;1433,57;Alpha3
N100;100;TimeDecoderWithVehicleByPercentage;1296,18;Alpha3
N100;92;PositionalDecoderWithVehicleByPercentage;1378,91;Alpha3
N100;92;PositionalDecoderWithVehicleByPercentage;1216,79;Alpha3
N100;92;PositionalDecoderWithVehicleByPercentage;1191,12;Alpha3
N100;92;PositionalDecoderWithVehicleByPercentage;1356,87;Alpha3
N100;92;PositionalDecoderWithVehicleByPercentage;1217,46;Alpha3
N100;92;TimeDecoderWithVehicleByPercentage;1295,08;Alpha3
N100;92;TimeDecoderWithVehicleByPercentage;1308,69;Alpha3
N100;92;TimeDecoderWithVehicleByPercentage;1328,09;Alpha3
N100;92;TimeDecoderWithVehicleByPercentage;1072,11;Alpha3
N100;92;TimeDecoderWithVehicleByPercentage;1111,18;Alpha3
N100;94;PositionalDecoderWithVehicleByPercentage;1187,87;Alpha3
N100;94;PositionalDecoderWithVehicleByPercentage;1346,66;Alpha3
N100;94;PositionalDecoderWithVehicleByPercentage;1387,92;Alpha3
N100;94;PositionalDecoderWithVehicleByPercentage;1270,63;Alpha3
N100;94;PositionalDecoderWithVehicleByPercentage;1254,03;Alpha3
N100;94;TimeDecoderWithVehicleByPercentage;1223,31;Alpha3
N100;94;TimeDecoderWithVehicleByPercentage;1424,28;Alpha3
N100;94;TimeDecoderWithVehicleByPercentage;1429,30;Alpha3
N100;94;TimeDecoderWithVehicleByPercentage;1210,03;Alpha3
N100;94;TimeDecoderWithVehicleByPercentage;1121,29;Alpha3
